filename,label
bazaar_016cc33b8ff5dd4c.zip,1
bazaar_02b858299c240c40.zip,1
bazaar_0661ca7ff085c734.zip,1
bazaar_072e30bbf2bb844c.zip,1
bazaar_09a13bcae7a29d35.zip,1
bazaar_0a29042e7fe4c834.zip,1
bazaar_0b5fdad7754d2354.zip,1
bazaar_0d34870cc8150d09.zip,1
bazaar_0e143bc1d4663fbc.zip,1
bazaar_0f66bcdf70104d59.zip,1
bazaar_0fc9d3a5423558bb.zip,1
bazaar_14c5eda6afe6fd71.zip,1
bazaar_150e2b307d306d87.zip,1
bazaar_1690a37101bb540d.zip,1
bazaar_1856d7650f29c950.zip,1
bazaar_197380d8afbaf4fa.zip,1
bazaar_1ad7a1376b82faad.zip,1
bazaar_1b168cec247028a7.zip,1
bazaar_1e12f9db9842a221.zip,1
bazaar_1e3af6f8a9428ec6.zip,1
bazaar_1e9c31ce0eba2100.zip,1
bazaar_1f1488888f63b039.zip,1
bazaar_2199c2f79655ca13.zip,1
bazaar_21b350c38e21290f.zip,1
bazaar_233a511f9ec3e634.zip,1
bazaar_2467f59504cc7e88.zip,1
bazaar_24acf01252890d66.zip,1
bazaar_25f8eda7b47feae0.zip,1
bazaar_27f68595e33a4596.zip,1
bazaar_29f63a267bd8e4c6.zip,1
bazaar_2b528e876b772217.zip,1
bazaar_2c5d1d736ac09abf.zip,1
bazaar_2d448e3cdcaf941c.zip,1
bazaar_2e46b1a79a8d8fc7.zip,1
bazaar_2f8c00c2b5c47fc6.zip,1
bazaar_3009c78448fb115e.zip,1
bazaar_3180b97a80123e8f.zip,1
bazaar_36ad12ff7efbf323.zip,1
bazaar_36b76204518245f1.zip,1
bazaar_3781fb97fb7c2da0.zip,1
bazaar_38be16184e096d28.zip,1
bazaar_390cfd939ca6f9da.zip,1
bazaar_3a427a7551be6249.zip,1
bazaar_3d39b187816419d6.zip,1
bazaar_3d6a310bf4f24fcc.zip,1
bazaar_3ef356ec968b40a0.zip,1
bazaar_3f9d3c1d19fe95d4.zip,1
bazaar_41485557dca4ad28.zip,1
bazaar_415fdb9543cc9475.zip,1
bazaar_41ace9d7638c6a48.zip,1
bazaar_41eb968d7f518a50.zip,1
bazaar_465b040f238a9909.zip,1
bazaar_49bde7a75139bbf4.zip,1
bazaar_4bbb0a2ffafe6043.zip,1
bazaar_4e9b0f6ab987c786.zip,1
bazaar_510e16fc319eadbf.zip,1
bazaar_53bd1add0d364ef5.zip,1
bazaar_54447799aa58fede.zip,1
bazaar_5708abf69a3953d1.zip,1
bazaar_58ad3ba93268a860.zip,1
bazaar_59713850f6070b1c.zip,1
bazaar_5d6433cc03d11daa.zip,1
bazaar_5f6c5623e95714d1.zip,1
bazaar_5fec5245c7719410.zip,1
bazaar_604a0e724618a03d.zip,1
bazaar_60c1382a6b442698.zip,1
bazaar_614a1489f6a19d80.zip,1
bazaar_62b0303d06a6c3be.zip,1
bazaar_6371f599f652fe21.zip,1
bazaar_6529cae1566c486d.zip,1
bazaar_6607ac4ee5adc6b5.zip,1
bazaar_66e47e0816d04089.zip,1
bazaar_682fc4f4c9884dc6.zip,1
bazaar_695af1fa1e649249.zip,1
bazaar_6b30c4ad47bd3435.zip,1
bazaar_6c35499edd0eba27.zip,1
bazaar_6cd782d30b7e1dda.zip,1
bazaar_6e9b31cffe38ba8c.zip,1
bazaar_6ed0630e3d5e6688.zip,1
bazaar_6fc0fd48b59cb1a7.zip,1
bazaar_7316a4c3cd1cf183.zip,1
bazaar_7387388d493096cb.zip,1
bazaar_73b6d0a096130600.zip,1
bazaar_752681ddd88ecd81.zip,1
bazaar_75b680572fe7d8de.zip,1
bazaar_75d7cc9bef14876b.zip,1
bazaar_77c243c3cec0fac1.zip,1
bazaar_78a21ccf48427922.zip,1
bazaar_792c33f7df5715cc.zip,1
bazaar_794883918d9dff93.zip,1
bazaar_7b7f9471d21d46c2.zip,1
bazaar_7de020329b6d3543.zip,1
bazaar_7e24150f14400d16.zip,1
bazaar_80d35da5577cb0d4.zip,1
bazaar_8118796b338e9def.zip,1
bazaar_8130acbf5a8c859d.zip,1
bazaar_823472db83668a49.zip,1
bazaar_833b2b48c32f96f7.zip,1
bazaar_83dc31c54679fc52.zip,1
bazaar_849d06de86ac2479.zip,1
bazaar_84dffd306e8bbdf1.zip,1
bazaar_8afdf5e18e026ac8.zip,1
bazaar_8cd31ed325e997a7.zip,1
bazaar_8e99bdf3c7257e5b.zip,1
bazaar_9045ace6571b5087.zip,1
bazaar_917de1fe496ee03b.zip,1
bazaar_91bd5c7ce5da1747.zip,1
bazaar_931c3852833c8868.zip,1
bazaar_93fa78d3a546ec71.zip,1
bazaar_956e81175aec4571.zip,1
bazaar_9743fd92fead573f.zip,1
bazaar_98ade9bf9ee00cb5.zip,1
bazaar_997a3a1a8b0f45d2.zip,1
bazaar_9a13e42373f53201.zip,1
bazaar_9a5409c52b1a4e87.zip,1
bazaar_9aeadffb5b70f36e.zip,1
bazaar_9b2b9e919208b2a6.zip,1
bazaar_9f392a2b0600312e.zip,1
bazaar_9fc0dda61ead8eac.zip,1
bazaar_a21094a7fd28bdb1.zip,1
bazaar_a4e9930a173791aa.zip,1
bazaar_a524c58a228c7b09.zip,1
bazaar_a5a8d8365fd4e5ec.zip,1
bazaar_a7733878c2824305.zip,1
bazaar_a905be90fb26cc41.zip,1
bazaar_acc233f051c11e0d.zip,1
bazaar_b0fffc6644fe612a.zip,1
bazaar_b11805162d3ae3d3.zip,1
bazaar_b314fee7254192d4.zip,1
bazaar_b3ae22f8a008ffac.zip,1
bazaar_b4477c5d31568619.zip,1
bazaar_b51b24c1c572fbfd.zip,1
bazaar_b68a680ba87e80cb.zip,1
bazaar_b6a12186538d1104.zip,1
bazaar_b88ea704c0262770.zip,1
bazaar_b963a90730a0ac04.zip,1
bazaar_b9e1556f934e2246.zip,1
bazaar_ba3ef13ae68c331a.zip,1
bazaar_beca6a851553f042.zip,1
bazaar_c2058efc76f1e7a7.zip,1
bazaar_c22808c338b7dd26.zip,1
bazaar_c3368541abec527e.zip,1
bazaar_c4311c312a408513.zip,1
bazaar_c4342390a641352c.zip,1
bazaar_c4fe6350fb688276.zip,1
bazaar_c5c26e80be5b051b.zip,1
bazaar_c6e960401b9adbef.zip,1
bazaar_c710287c8fbfaeae.zip,1
bazaar_c712fa2a946d3669.zip,1
bazaar_c74b3399764233b1.zip,1
bazaar_c7fde2845158a1b1.zip,1
bazaar_caa66675f6574ba2.zip,1
bazaar_ce10df51bf1eda48.zip,1
bazaar_cfe7fe460ee3b9f3.zip,1
bazaar_d07cf999261a5929.zip,1
bazaar_d1e843217520a866.zip,1
bazaar_d5f6220d2e6a598e.zip,1
bazaar_d7b7cc13e0994509.zip,1
bazaar_d8069b5f039df207.zip,1
bazaar_d8855ac9b9ca2192.zip,1
bazaar_da18635cbc35fbca.zip,1
bazaar_da4833a3a1dda44b.zip,1
bazaar_db6b38ca6fcc1385.zip,1
bazaar_ddf4ed8a06b65762.zip,1
bazaar_e0fa3304cb2f97fb.zip,1
bazaar_e1e4027dfb624ef1.zip,1
bazaar_e39609faa71c6593.zip,1
bazaar_e4a8947e4b42ac04.zip,1
bazaar_e5a7f675717eefdf.zip,1
bazaar_e7d2b3d450603a23.zip,1
bazaar_e865ae5bef4f5c55.zip,1
bazaar_e8f788ebef650dfb.zip,1
bazaar_e923f881a1106ff5.zip,1
bazaar_e98c661466926a3e.zip,1
bazaar_ea47cebe2fbbf06c.zip,1
bazaar_ec0a51bf2ac7912c.zip,1
bazaar_edb3fb8b711769f7.zip,1
bazaar_edcebe5e2b1b0e98.zip,1
bazaar_ee2f2da940b6d738.zip,1
bazaar_f0bc72f924a69b49.zip,1
bazaar_f1c5d5c9c842db91.zip,1
bazaar_f36913607356a32e.zip,1
bazaar_f43e62b58f2fffe5.zip,1
bazaar_f4989b4262700d77.zip,1
bazaar_f51ed9d762f0d202.zip,1
bazaar_f8e7ab12d23e7ccd.zip,1
bazaar_f962ff7a2e7d4c42.zip,1
bazaar_fb64167351b2ba55.zip,1
bazaar_fbc71b214f4e8684.zip,1
bazaar_fcd9f0a39b3e64d3.zip,1
bazaar_fde4a524f3eb6e74.zip,1
bazaar_fdefb311f41a7978.zip,1
bazaar_fed027dcc027fa68.zip,1
bazaar_recent_016cc33b8ff5dd4c.zip,1
bazaar_recent_6529cae1566c486d.zip,1
bazaar_recent_caa66675f6574ba2.zip,1
bazaar_recent_d1e843217520a866.zip,1
test_one_sample.zip,1
zombie_A_classic_0000.zip,1
zombie_A_classic_0001.zip,1
zombie_A_classic_0002.zip,1
zombie_A_classic_0003.zip,1
zombie_A_classic_0004.zip,1
zombie_A_classic_0005.zip,1
zombie_A_classic_0006.zip,1
zombie_A_classic_0007.zip,1
zombie_A_classic_0008.zip,1
zombie_A_classic_0009.zip,1
zombie_A_classic_0010.zip,1
zombie_A_classic_0011.zip,1
zombie_A_classic_0012.zip,1
zombie_A_classic_0013.zip,1
zombie_A_classic_0014.zip,1
zombie_A_classic_0015.zip,1
zombie_A_classic_0016.zip,1
zombie_A_classic_0017.zip,1
zombie_A_classic_0018.zip,1
zombie_A_classic_0019.zip,1
zombie_A_classic_0020.zip,1
zombie_A_classic_0021.zip,1
zombie_A_classic_0022.zip,1
zombie_A_classic_0023.zip,1
zombie_A_classic_0024.zip,1
zombie_A_classic_0025.zip,1
zombie_A_classic_0026.zip,1
zombie_A_classic_0027.zip,1
zombie_A_classic_0028.zip,1
zombie_A_classic_0029.zip,1
zombie_A_classic_0030.zip,1
zombie_A_classic_0031.zip,1
zombie_A_classic_0032.zip,1
zombie_A_classic_0033.zip,1
zombie_A_classic_0034.zip,1
zombie_A_classic_0035.zip,1
zombie_A_classic_0036.zip,1
zombie_A_classic_0037.zip,1
zombie_A_classic_0038.zip,1
zombie_A_classic_0039.zip,1
zombie_A_classic_0040.zip,1
zombie_A_classic_0041.zip,1
zombie_A_classic_0042.zip,1
zombie_A_classic_0043.zip,1
zombie_A_classic_0044.zip,1
zombie_A_classic_0045.zip,1
zombie_A_classic_0046.zip,1
zombie_A_classic_0047.zip,1
zombie_A_classic_0048.zip,1
zombie_A_classic_0049.zip,1
zombie_A_classic_0050.zip,1
zombie_A_classic_0051.zip,1
zombie_A_classic_0052.zip,1
zombie_A_classic_0053.zip,1
zombie_A_classic_0054.zip,1
zombie_A_classic_0055.zip,1
zombie_A_classic_0056.zip,1
zombie_A_classic_0057.zip,1
zombie_A_classic_0058.zip,1
zombie_A_classic_0059.zip,1
zombie_A_classic_0060.zip,1
zombie_A_classic_0061.zip,1
zombie_A_classic_0062.zip,1
zombie_A_classic_0063.zip,1
zombie_A_classic_0064.zip,1
zombie_A_classic_0065.zip,1
zombie_A_classic_0066.zip,1
zombie_A_classic_0067.zip,1
zombie_A_classic_0068.zip,1
zombie_A_classic_0069.zip,1
zombie_A_classic_0070.zip,1
zombie_A_classic_0071.zip,1
zombie_A_classic_0072.zip,1
zombie_A_classic_0073.zip,1
zombie_A_classic_0074.zip,1
zombie_A_classic_0075.zip,1
zombie_A_classic_0076.zip,1
zombie_A_classic_0077.zip,1
zombie_A_classic_0078.zip,1
zombie_A_classic_0079.zip,1
zombie_A_classic_0080.zip,1
zombie_A_classic_0081.zip,1
zombie_A_classic_0082.zip,1
zombie_A_classic_0083.zip,1
zombie_A_classic_0084.zip,1
zombie_A_classic_0085.zip,1
zombie_A_classic_0086.zip,1
zombie_A_classic_0087.zip,1
zombie_A_classic_0088.zip,1
zombie_A_classic_0089.zip,1
zombie_A_classic_0090.zip,1
zombie_A_classic_0091.zip,1
zombie_A_classic_0092.zip,1
zombie_A_classic_0093.zip,1
zombie_A_classic_0094.zip,1
zombie_A_classic_0095.zip,1
zombie_A_classic_0096.zip,1
zombie_A_classic_0097.zip,1
zombie_A_classic_0098.zip,1
zombie_A_classic_0099.zip,1
zombie_A_classic_0100.zip,1
zombie_A_classic_0101.zip,1
zombie_A_classic_0102.zip,1
zombie_A_classic_0103.zip,1
zombie_A_classic_0104.zip,1
zombie_A_classic_0105.zip,1
zombie_A_classic_0106.zip,1
zombie_A_classic_0107.zip,1
zombie_A_classic_0108.zip,1
zombie_A_classic_0109.zip,1
zombie_A_classic_0110.zip,1
zombie_A_classic_0111.zip,1
zombie_A_classic_0112.zip,1
zombie_A_classic_0113.zip,1
zombie_A_classic_0114.zip,1
zombie_A_classic_0115.zip,1
zombie_A_classic_0116.zip,1
zombie_A_classic_0117.zip,1
zombie_A_classic_0118.zip,1
zombie_A_classic_0119.zip,1
zombie_A_classic_0120.zip,1
zombie_A_classic_0121.zip,1
zombie_A_classic_0122.zip,1
zombie_A_classic_0123.zip,1
zombie_A_classic_0124.zip,1
zombie_A_classic_0125.zip,1
zombie_A_classic_0126.zip,1
zombie_A_classic_0127.zip,1
zombie_A_classic_0128.zip,1
zombie_A_classic_0129.zip,1
zombie_A_classic_0130.zip,1
zombie_A_classic_0131.zip,1
zombie_A_classic_0132.zip,1
zombie_A_classic_0133.zip,1
zombie_A_classic_0134.zip,1
zombie_A_classic_0135.zip,1
zombie_A_classic_0136.zip,1
zombie_A_classic_0137.zip,1
zombie_A_classic_0138.zip,1
zombie_A_classic_0139.zip,1
zombie_A_classic_0140.zip,1
zombie_A_classic_0141.zip,1
zombie_A_classic_0142.zip,1
zombie_A_classic_0143.zip,1
zombie_A_classic_0144.zip,1
zombie_A_classic_0145.zip,1
zombie_A_classic_0146.zip,1
zombie_A_classic_0147.zip,1
zombie_A_classic_0148.zip,1
zombie_A_classic_0149.zip,1
zombie_A_classic_0150.zip,1
zombie_A_classic_0151.zip,1
zombie_A_classic_0152.zip,1
zombie_A_classic_0153.zip,1
zombie_A_classic_0154.zip,1
zombie_A_classic_0155.zip,1
zombie_A_classic_0156.zip,1
zombie_A_classic_0157.zip,1
zombie_A_classic_0158.zip,1
zombie_A_classic_0159.zip,1
zombie_A_classic_0160.zip,1
zombie_A_classic_0161.zip,1
zombie_A_classic_0162.zip,1
zombie_A_classic_0163.zip,1
zombie_A_classic_0164.zip,1
zombie_A_classic_0165.zip,1
zombie_A_classic_0166.zip,1
zombie_A_classic_0167.zip,1
zombie_A_classic_0168.zip,1
zombie_A_classic_0169.zip,1
zombie_A_classic_0170.zip,1
zombie_A_classic_0171.zip,1
zombie_A_classic_0172.zip,1
zombie_A_classic_0173.zip,1
zombie_A_classic_0174.zip,1
zombie_A_classic_0175.zip,1
zombie_A_classic_0176.zip,1
zombie_A_classic_0177.zip,1
zombie_A_classic_0178.zip,1
zombie_A_classic_0179.zip,1
zombie_A_classic_0180.zip,1
zombie_A_classic_0181.zip,1
zombie_A_classic_0182.zip,1
zombie_A_classic_0183.zip,1
zombie_A_classic_0184.zip,1
zombie_A_classic_0185.zip,1
zombie_A_classic_0186.zip,1
zombie_A_classic_0187.zip,1
zombie_A_classic_0188.zip,1
zombie_A_classic_0189.zip,1
zombie_A_classic_0190.zip,1
zombie_A_classic_0191.zip,1
zombie_A_classic_0192.zip,1
zombie_A_classic_0193.zip,1
zombie_A_classic_0194.zip,1
zombie_A_classic_0195.zip,1
zombie_A_classic_0196.zip,1
zombie_A_classic_0197.zip,1
zombie_A_classic_0198.zip,1
zombie_A_classic_0199.zip,1
zombie_A_classic_0200.zip,1
zombie_A_classic_0201.zip,1
zombie_A_classic_0202.zip,1
zombie_A_classic_0203.zip,1
zombie_A_classic_0204.zip,1
zombie_A_classic_0205.zip,1
zombie_A_classic_0206.zip,1
zombie_A_classic_0207.zip,1
zombie_A_classic_0208.zip,1
zombie_A_classic_0209.zip,1
zombie_A_classic_0210.zip,1
zombie_A_classic_0211.zip,1
zombie_A_classic_0212.zip,1
zombie_A_classic_0213.zip,1
zombie_A_classic_0214.zip,1
zombie_A_classic_0215.zip,1
zombie_A_classic_0216.zip,1
zombie_A_classic_0217.zip,1
zombie_A_classic_0218.zip,1
zombie_A_classic_0219.zip,1
zombie_A_classic_0220.zip,1
zombie_A_classic_0221.zip,1
zombie_A_classic_0222.zip,1
zombie_A_classic_0223.zip,1
zombie_A_classic_0224.zip,1
zombie_A_classic_0225.zip,1
zombie_A_classic_0226.zip,1
zombie_A_classic_0227.zip,1
zombie_A_classic_0228.zip,1
zombie_A_classic_0229.zip,1
zombie_A_classic_0230.zip,1
zombie_A_classic_0231.zip,1
zombie_A_classic_0232.zip,1
zombie_A_classic_0233.zip,1
zombie_A_classic_0234.zip,1
zombie_A_classic_0235.zip,1
zombie_A_classic_0236.zip,1
zombie_A_classic_0237.zip,1
zombie_A_classic_0238.zip,1
zombie_A_classic_0239.zip,1
zombie_A_classic_0240.zip,1
zombie_A_classic_0241.zip,1
zombie_A_classic_0242.zip,1
zombie_A_classic_0243.zip,1
zombie_A_classic_0244.zip,1
zombie_A_classic_0245.zip,1
zombie_A_classic_0246.zip,1
zombie_A_classic_0247.zip,1
zombie_A_classic_0248.zip,1
zombie_A_classic_0249.zip,1
zombie_A_classic_0250.zip,1
zombie_A_classic_0251.zip,1
zombie_A_classic_0252.zip,1
zombie_A_classic_0253.zip,1
zombie_A_classic_0254.zip,1
zombie_A_classic_0255.zip,1
zombie_A_classic_0256.zip,1
zombie_A_classic_0257.zip,1
zombie_A_classic_0258.zip,1
zombie_A_classic_0259.zip,1
zombie_A_classic_0260.zip,1
zombie_A_classic_0261.zip,1
zombie_A_classic_0262.zip,1
zombie_A_classic_0263.zip,1
zombie_A_classic_0264.zip,1
zombie_A_classic_0265.zip,1
zombie_A_classic_0266.zip,1
zombie_A_classic_0267.zip,1
zombie_A_classic_0268.zip,1
zombie_A_classic_0269.zip,1
zombie_A_classic_0270.zip,1
zombie_A_classic_0271.zip,1
zombie_A_classic_0272.zip,1
zombie_A_classic_0273.zip,1
zombie_A_classic_0274.zip,1
zombie_A_classic_0275.zip,1
zombie_A_classic_0276.zip,1
zombie_A_classic_0277.zip,1
zombie_A_classic_0278.zip,1
zombie_A_classic_0279.zip,1
zombie_A_classic_0280.zip,1
zombie_A_classic_0281.zip,1
zombie_A_classic_0282.zip,1
zombie_A_classic_0283.zip,1
zombie_A_classic_0284.zip,1
zombie_A_classic_0285.zip,1
zombie_A_classic_0286.zip,1
zombie_A_classic_0287.zip,1
zombie_A_classic_0288.zip,1
zombie_A_classic_0289.zip,1
zombie_A_classic_0290.zip,1
zombie_A_classic_0291.zip,1
zombie_A_classic_0292.zip,1
zombie_A_classic_0293.zip,1
zombie_A_classic_0294.zip,1
zombie_A_classic_0295.zip,1
zombie_A_classic_0296.zip,1
zombie_A_classic_0297.zip,1
zombie_A_classic_0298.zip,1
zombie_A_classic_0299.zip,1
zombie_A_classic_0300.zip,1
zombie_A_classic_0301.zip,1
zombie_A_classic_0302.zip,1
zombie_A_classic_0303.zip,1
zombie_A_classic_0304.zip,1
zombie_A_classic_0305.zip,1
zombie_A_classic_0306.zip,1
zombie_A_classic_0307.zip,1
zombie_A_classic_0308.zip,1
zombie_A_classic_0309.zip,1
zombie_A_classic_0310.zip,1
zombie_A_classic_0311.zip,1
zombie_A_classic_0312.zip,1
zombie_A_classic_0313.zip,1
zombie_A_classic_0314.zip,1
zombie_A_classic_0315.zip,1
zombie_A_classic_0316.zip,1
zombie_A_classic_0317.zip,1
zombie_A_classic_0318.zip,1
zombie_A_classic_0319.zip,1
zombie_A_classic_0320.zip,1
zombie_A_classic_0321.zip,1
zombie_A_classic_0322.zip,1
zombie_A_classic_0323.zip,1
zombie_A_classic_0324.zip,1
zombie_A_classic_0325.zip,1
zombie_A_classic_0326.zip,1
zombie_A_classic_0327.zip,1
zombie_A_classic_0328.zip,1
zombie_A_classic_0329.zip,1
zombie_A_classic_0330.zip,1
zombie_A_classic_0331.zip,1
zombie_A_classic_0332.zip,1
zombie_A_classic_0333.zip,1
zombie_A_classic_0334.zip,1
zombie_A_classic_0335.zip,1
zombie_A_classic_0336.zip,1
zombie_A_classic_0337.zip,1
zombie_A_classic_0338.zip,1
zombie_A_classic_0339.zip,1
zombie_A_classic_0340.zip,1
zombie_A_classic_0341.zip,1
zombie_A_classic_0342.zip,1
zombie_A_classic_0343.zip,1
zombie_A_classic_0344.zip,1
zombie_A_classic_0345.zip,1
zombie_A_classic_0346.zip,1
zombie_A_classic_0347.zip,1
zombie_A_classic_0348.zip,1
zombie_A_classic_0349.zip,1
zombie_B_method_only_0000.zip,1
zombie_B_method_only_0001.zip,1
zombie_B_method_only_0002.zip,1
zombie_B_method_only_0003.zip,1
zombie_B_method_only_0004.zip,1
zombie_B_method_only_0005.zip,1
zombie_B_method_only_0006.zip,1
zombie_B_method_only_0007.zip,1
zombie_B_method_only_0008.zip,1
zombie_B_method_only_0009.zip,1
zombie_B_method_only_0010.zip,1
zombie_B_method_only_0011.zip,1
zombie_B_method_only_0012.zip,1
zombie_B_method_only_0013.zip,1
zombie_B_method_only_0014.zip,1
zombie_B_method_only_0015.zip,1
zombie_B_method_only_0016.zip,1
zombie_B_method_only_0017.zip,1
zombie_B_method_only_0018.zip,1
zombie_B_method_only_0019.zip,1
zombie_B_method_only_0020.zip,1
zombie_B_method_only_0021.zip,1
zombie_B_method_only_0022.zip,1
zombie_B_method_only_0023.zip,1
zombie_B_method_only_0024.zip,1
zombie_B_method_only_0025.zip,1
zombie_B_method_only_0026.zip,1
zombie_B_method_only_0027.zip,1
zombie_B_method_only_0028.zip,1
zombie_B_method_only_0029.zip,1
zombie_B_method_only_0030.zip,1
zombie_B_method_only_0031.zip,1
zombie_B_method_only_0032.zip,1
zombie_B_method_only_0033.zip,1
zombie_B_method_only_0034.zip,1
zombie_B_method_only_0035.zip,1
zombie_B_method_only_0036.zip,1
zombie_B_method_only_0037.zip,1
zombie_B_method_only_0038.zip,1
zombie_B_method_only_0039.zip,1
zombie_B_method_only_0040.zip,1
zombie_B_method_only_0041.zip,1
zombie_B_method_only_0042.zip,1
zombie_B_method_only_0043.zip,1
zombie_B_method_only_0044.zip,1
zombie_B_method_only_0045.zip,1
zombie_B_method_only_0046.zip,1
zombie_B_method_only_0047.zip,1
zombie_B_method_only_0048.zip,1
zombie_B_method_only_0049.zip,1
zombie_B_method_only_0050.zip,1
zombie_B_method_only_0051.zip,1
zombie_B_method_only_0052.zip,1
zombie_B_method_only_0053.zip,1
zombie_B_method_only_0054.zip,1
zombie_B_method_only_0055.zip,1
zombie_B_method_only_0056.zip,1
zombie_B_method_only_0057.zip,1
zombie_B_method_only_0058.zip,1
zombie_B_method_only_0059.zip,1
zombie_B_method_only_0060.zip,1
zombie_B_method_only_0061.zip,1
zombie_B_method_only_0062.zip,1
zombie_B_method_only_0063.zip,1
zombie_B_method_only_0064.zip,1
zombie_B_method_only_0065.zip,1
zombie_B_method_only_0066.zip,1
zombie_B_method_only_0067.zip,1
zombie_B_method_only_0068.zip,1
zombie_B_method_only_0069.zip,1
zombie_B_method_only_0070.zip,1
zombie_B_method_only_0071.zip,1
zombie_B_method_only_0072.zip,1
zombie_B_method_only_0073.zip,1
zombie_B_method_only_0074.zip,1
zombie_B_method_only_0075.zip,1
zombie_B_method_only_0076.zip,1
zombie_B_method_only_0077.zip,1
zombie_B_method_only_0078.zip,1
zombie_B_method_only_0079.zip,1
zombie_B_method_only_0080.zip,1
zombie_B_method_only_0081.zip,1
zombie_B_method_only_0082.zip,1
zombie_B_method_only_0083.zip,1
zombie_B_method_only_0084.zip,1
zombie_B_method_only_0085.zip,1
zombie_B_method_only_0086.zip,1
zombie_B_method_only_0087.zip,1
zombie_B_method_only_0088.zip,1
zombie_B_method_only_0089.zip,1
zombie_B_method_only_0090.zip,1
zombie_B_method_only_0091.zip,1
zombie_B_method_only_0092.zip,1
zombie_B_method_only_0093.zip,1
zombie_B_method_only_0094.zip,1
zombie_B_method_only_0095.zip,1
zombie_B_method_only_0096.zip,1
zombie_B_method_only_0097.zip,1
zombie_B_method_only_0098.zip,1
zombie_B_method_only_0099.zip,1
zombie_C_gootloader_0000.zip,1
zombie_C_gootloader_0001.zip,1
zombie_C_gootloader_0002.zip,1
zombie_C_gootloader_0003.zip,1
zombie_C_gootloader_0004.zip,1
zombie_C_gootloader_0005.zip,1
zombie_C_gootloader_0006.zip,1
zombie_C_gootloader_0007.zip,1
zombie_C_gootloader_0008.zip,1
zombie_C_gootloader_0009.zip,1
zombie_C_gootloader_0010.zip,1
zombie_C_gootloader_0011.zip,1
zombie_C_gootloader_0012.zip,1
zombie_C_gootloader_0013.zip,1
zombie_C_gootloader_0014.zip,1
zombie_C_gootloader_0015.zip,1
zombie_C_gootloader_0016.zip,1
zombie_C_gootloader_0017.zip,1
zombie_C_gootloader_0018.zip,1
zombie_C_gootloader_0019.zip,1
zombie_C_gootloader_0020.zip,1
zombie_C_gootloader_0021.zip,1
zombie_C_gootloader_0022.zip,1
zombie_C_gootloader_0023.zip,1
zombie_C_gootloader_0024.zip,1
zombie_C_gootloader_0025.zip,1
zombie_C_gootloader_0026.zip,1
zombie_C_gootloader_0027.zip,1
zombie_C_gootloader_0028.zip,1
zombie_C_gootloader_0029.zip,1
zombie_C_gootloader_0030.zip,1
zombie_C_gootloader_0031.zip,1
zombie_C_gootloader_0032.zip,1
zombie_C_gootloader_0033.zip,1
zombie_C_gootloader_0034.zip,1
zombie_C_gootloader_0035.zip,1
zombie_C_gootloader_0036.zip,1
zombie_C_gootloader_0037.zip,1
zombie_C_gootloader_0038.zip,1
zombie_C_gootloader_0039.zip,1
zombie_C_gootloader_0040.zip,1
zombie_C_gootloader_0041.zip,1
zombie_C_gootloader_0042.zip,1
zombie_C_gootloader_0043.zip,1
zombie_C_gootloader_0044.zip,1
zombie_C_gootloader_0045.zip,1
zombie_C_gootloader_0046.zip,1
zombie_C_gootloader_0047.zip,1
zombie_C_gootloader_0048.zip,1
zombie_C_gootloader_0049.zip,1
zombie_C_gootloader_0050.zip,1
zombie_C_gootloader_0051.zip,1
zombie_C_gootloader_0052.zip,1
zombie_C_gootloader_0053.zip,1
zombie_C_gootloader_0054.zip,1
zombie_C_gootloader_0055.zip,1
zombie_C_gootloader_0056.zip,1
zombie_C_gootloader_0057.zip,1
zombie_C_gootloader_0058.zip,1
zombie_C_gootloader_0059.zip,1
zombie_C_gootloader_0060.zip,1
zombie_C_gootloader_0061.zip,1
zombie_C_gootloader_0062.zip,1
zombie_C_gootloader_0063.zip,1
zombie_C_gootloader_0064.zip,1
zombie_C_gootloader_0065.zip,1
zombie_C_gootloader_0066.zip,1
zombie_C_gootloader_0067.zip,1
zombie_C_gootloader_0068.zip,1
zombie_C_gootloader_0069.zip,1
zombie_C_gootloader_0070.zip,1
zombie_C_gootloader_0071.zip,1
zombie_C_gootloader_0072.zip,1
zombie_C_gootloader_0073.zip,1
zombie_C_gootloader_0074.zip,1
zombie_C_gootloader_0075.zip,1
zombie_C_gootloader_0076.zip,1
zombie_C_gootloader_0077.zip,1
zombie_C_gootloader_0078.zip,1
zombie_C_gootloader_0079.zip,1
zombie_C_gootloader_0080.zip,1
zombie_C_gootloader_0081.zip,1
zombie_C_gootloader_0082.zip,1
zombie_C_gootloader_0083.zip,1
zombie_C_gootloader_0084.zip,1
zombie_C_gootloader_0085.zip,1
zombie_C_gootloader_0086.zip,1
zombie_C_gootloader_0087.zip,1
zombie_C_gootloader_0088.zip,1
zombie_C_gootloader_0089.zip,1
zombie_C_gootloader_0090.zip,1
zombie_C_gootloader_0091.zip,1
zombie_C_gootloader_0092.zip,1
zombie_C_gootloader_0093.zip,1
zombie_C_gootloader_0094.zip,1
zombie_C_gootloader_0095.zip,1
zombie_C_gootloader_0096.zip,1
zombie_C_gootloader_0097.zip,1
zombie_C_gootloader_0098.zip,1
zombie_C_gootloader_0099.zip,1
zombie_C_gootloader_0100.zip,1
zombie_C_gootloader_0101.zip,1
zombie_C_gootloader_0102.zip,1
zombie_C_gootloader_0103.zip,1
zombie_C_gootloader_0104.zip,1
zombie_C_gootloader_0105.zip,1
zombie_C_gootloader_0106.zip,1
zombie_C_gootloader_0107.zip,1
zombie_C_gootloader_0108.zip,1
zombie_C_gootloader_0109.zip,1
zombie_C_gootloader_0110.zip,1
zombie_C_gootloader_0111.zip,1
zombie_C_gootloader_0112.zip,1
zombie_C_gootloader_0113.zip,1
zombie_C_gootloader_0114.zip,1
zombie_C_gootloader_0115.zip,1
zombie_C_gootloader_0116.zip,1
zombie_C_gootloader_0117.zip,1
zombie_C_gootloader_0118.zip,1
zombie_C_gootloader_0119.zip,1
zombie_C_gootloader_0120.zip,1
zombie_C_gootloader_0121.zip,1
zombie_C_gootloader_0122.zip,1
zombie_C_gootloader_0123.zip,1
zombie_C_gootloader_0124.zip,1
zombie_C_gootloader_0125.zip,1
zombie_C_gootloader_0126.zip,1
zombie_C_gootloader_0127.zip,1
zombie_C_gootloader_0128.zip,1
zombie_C_gootloader_0129.zip,1
zombie_C_gootloader_0130.zip,1
zombie_C_gootloader_0131.zip,1
zombie_C_gootloader_0132.zip,1
zombie_C_gootloader_0133.zip,1
zombie_C_gootloader_0134.zip,1
zombie_C_gootloader_0135.zip,1
zombie_C_gootloader_0136.zip,1
zombie_C_gootloader_0137.zip,1
zombie_C_gootloader_0138.zip,1
zombie_C_gootloader_0139.zip,1
zombie_C_gootloader_0140.zip,1
zombie_C_gootloader_0141.zip,1
zombie_C_gootloader_0142.zip,1
zombie_C_gootloader_0143.zip,1
zombie_C_gootloader_0144.zip,1
zombie_C_gootloader_0145.zip,1
zombie_C_gootloader_0146.zip,1
zombie_C_gootloader_0147.zip,1
zombie_C_gootloader_0148.zip,1
zombie_C_gootloader_0149.zip,1
zombie_D_multifile_0000.zip,1
zombie_D_multifile_0001.zip,1
zombie_D_multifile_0002.zip,1
zombie_D_multifile_0003.zip,1
zombie_D_multifile_0004.zip,1
zombie_D_multifile_0005.zip,1
zombie_D_multifile_0006.zip,1
zombie_D_multifile_0007.zip,1
zombie_D_multifile_0008.zip,1
zombie_D_multifile_0009.zip,1
zombie_D_multifile_0010.zip,1
zombie_D_multifile_0011.zip,1
zombie_D_multifile_0012.zip,1
zombie_D_multifile_0013.zip,1
zombie_D_multifile_0014.zip,1
zombie_D_multifile_0015.zip,1
zombie_D_multifile_0016.zip,1
zombie_D_multifile_0017.zip,1
zombie_D_multifile_0018.zip,1
zombie_D_multifile_0019.zip,1
zombie_D_multifile_0020.zip,1
zombie_D_multifile_0021.zip,1
zombie_D_multifile_0022.zip,1
zombie_D_multifile_0023.zip,1
zombie_D_multifile_0024.zip,1
zombie_D_multifile_0025.zip,1
zombie_D_multifile_0026.zip,1
zombie_D_multifile_0027.zip,1
zombie_D_multifile_0028.zip,1
zombie_D_multifile_0029.zip,1
zombie_D_multifile_0030.zip,1
zombie_D_multifile_0031.zip,1
zombie_D_multifile_0032.zip,1
zombie_D_multifile_0033.zip,1
zombie_D_multifile_0034.zip,1
zombie_D_multifile_0035.zip,1
zombie_D_multifile_0036.zip,1
zombie_D_multifile_0037.zip,1
zombie_D_multifile_0038.zip,1
zombie_D_multifile_0039.zip,1
zombie_D_multifile_0040.zip,1
zombie_D_multifile_0041.zip,1
zombie_D_multifile_0042.zip,1
zombie_D_multifile_0043.zip,1
zombie_D_multifile_0044.zip,1
zombie_D_multifile_0045.zip,1
zombie_D_multifile_0046.zip,1
zombie_D_multifile_0047.zip,1
zombie_D_multifile_0048.zip,1
zombie_D_multifile_0049.zip,1
zombie_D_multifile_0050.zip,1
zombie_D_multifile_0051.zip,1
zombie_D_multifile_0052.zip,1
zombie_D_multifile_0053.zip,1
zombie_D_multifile_0054.zip,1
zombie_D_multifile_0055.zip,1
zombie_D_multifile_0056.zip,1
zombie_D_multifile_0057.zip,1
zombie_D_multifile_0058.zip,1
zombie_D_multifile_0059.zip,1
zombie_D_multifile_0060.zip,1
zombie_D_multifile_0061.zip,1
zombie_D_multifile_0062.zip,1
zombie_D_multifile_0063.zip,1
zombie_D_multifile_0064.zip,1
zombie_D_multifile_0065.zip,1
zombie_D_multifile_0066.zip,1
zombie_D_multifile_0067.zip,1
zombie_D_multifile_0068.zip,1
zombie_D_multifile_0069.zip,1
zombie_D_multifile_0070.zip,1
zombie_D_multifile_0071.zip,1
zombie_D_multifile_0072.zip,1
zombie_D_multifile_0073.zip,1
zombie_D_multifile_0074.zip,1
zombie_D_multifile_0075.zip,1
zombie_D_multifile_0076.zip,1
zombie_D_multifile_0077.zip,1
zombie_D_multifile_0078.zip,1
zombie_D_multifile_0079.zip,1
zombie_D_multifile_0080.zip,1
zombie_D_multifile_0081.zip,1
zombie_D_multifile_0082.zip,1
zombie_D_multifile_0083.zip,1
zombie_D_multifile_0084.zip,1
zombie_D_multifile_0085.zip,1
zombie_D_multifile_0086.zip,1
zombie_D_multifile_0087.zip,1
zombie_D_multifile_0088.zip,1
zombie_D_multifile_0089.zip,1
zombie_D_multifile_0090.zip,1
zombie_D_multifile_0091.zip,1
zombie_D_multifile_0092.zip,1
zombie_D_multifile_0093.zip,1
zombie_D_multifile_0094.zip,1
zombie_D_multifile_0095.zip,1
zombie_D_multifile_0096.zip,1
zombie_D_multifile_0097.zip,1
zombie_D_multifile_0098.zip,1
zombie_D_multifile_0099.zip,1
zombie_D_multifile_0100.zip,1
zombie_D_multifile_0101.zip,1
zombie_D_multifile_0102.zip,1
zombie_D_multifile_0103.zip,1
zombie_D_multifile_0104.zip,1
zombie_D_multifile_0105.zip,1
zombie_D_multifile_0106.zip,1
zombie_D_multifile_0107.zip,1
zombie_D_multifile_0108.zip,1
zombie_D_multifile_0109.zip,1
zombie_D_multifile_0110.zip,1
zombie_D_multifile_0111.zip,1
zombie_D_multifile_0112.zip,1
zombie_D_multifile_0113.zip,1
zombie_D_multifile_0114.zip,1
zombie_D_multifile_0115.zip,1
zombie_D_multifile_0116.zip,1
zombie_D_multifile_0117.zip,1
zombie_D_multifile_0118.zip,1
zombie_D_multifile_0119.zip,1
zombie_D_multifile_0120.zip,1
zombie_D_multifile_0121.zip,1
zombie_D_multifile_0122.zip,1
zombie_D_multifile_0123.zip,1
zombie_D_multifile_0124.zip,1
zombie_D_multifile_0125.zip,1
zombie_D_multifile_0126.zip,1
zombie_D_multifile_0127.zip,1
zombie_D_multifile_0128.zip,1
zombie_D_multifile_0129.zip,1
zombie_D_multifile_0130.zip,1
zombie_D_multifile_0131.zip,1
zombie_D_multifile_0132.zip,1
zombie_D_multifile_0133.zip,1
zombie_D_multifile_0134.zip,1
zombie_D_multifile_0135.zip,1
zombie_D_multifile_0136.zip,1
zombie_D_multifile_0137.zip,1
zombie_D_multifile_0138.zip,1
zombie_D_multifile_0139.zip,1
zombie_D_multifile_0140.zip,1
zombie_D_multifile_0141.zip,1
zombie_D_multifile_0142.zip,1
zombie_D_multifile_0143.zip,1
zombie_D_multifile_0144.zip,1
zombie_D_multifile_0145.zip,1
zombie_D_multifile_0146.zip,1
zombie_D_multifile_0147.zip,1
zombie_D_multifile_0148.zip,1
zombie_D_multifile_0149.zip,1
zombie_E_crc_mismatch_0000.zip,1
zombie_E_crc_mismatch_0001.zip,1
zombie_E_crc_mismatch_0002.zip,1
zombie_E_crc_mismatch_0003.zip,1
zombie_E_crc_mismatch_0004.zip,1
zombie_E_crc_mismatch_0005.zip,1
zombie_E_crc_mismatch_0006.zip,1
zombie_E_crc_mismatch_0007.zip,1
zombie_E_crc_mismatch_0008.zip,1
zombie_E_crc_mismatch_0009.zip,1
zombie_E_crc_mismatch_0010.zip,1
zombie_E_crc_mismatch_0011.zip,1
zombie_E_crc_mismatch_0012.zip,1
zombie_E_crc_mismatch_0013.zip,1
zombie_E_crc_mismatch_0014.zip,1
zombie_E_crc_mismatch_0015.zip,1
zombie_E_crc_mismatch_0016.zip,1
zombie_E_crc_mismatch_0017.zip,1
zombie_E_crc_mismatch_0018.zip,1
zombie_E_crc_mismatch_0019.zip,1
zombie_E_crc_mismatch_0020.zip,1
zombie_E_crc_mismatch_0021.zip,1
zombie_E_crc_mismatch_0022.zip,1
zombie_E_crc_mismatch_0023.zip,1
zombie_E_crc_mismatch_0024.zip,1
zombie_E_crc_mismatch_0025.zip,1
zombie_E_crc_mismatch_0026.zip,1
zombie_E_crc_mismatch_0027.zip,1
zombie_E_crc_mismatch_0028.zip,1
zombie_E_crc_mismatch_0029.zip,1
zombie_E_crc_mismatch_0030.zip,1
zombie_E_crc_mismatch_0031.zip,1
zombie_E_crc_mismatch_0032.zip,1
zombie_E_crc_mismatch_0033.zip,1
zombie_E_crc_mismatch_0034.zip,1
zombie_E_crc_mismatch_0035.zip,1
zombie_E_crc_mismatch_0036.zip,1
zombie_E_crc_mismatch_0037.zip,1
zombie_E_crc_mismatch_0038.zip,1
zombie_E_crc_mismatch_0039.zip,1
zombie_E_crc_mismatch_0040.zip,1
zombie_E_crc_mismatch_0041.zip,1
zombie_E_crc_mismatch_0042.zip,1
zombie_E_crc_mismatch_0043.zip,1
zombie_E_crc_mismatch_0044.zip,1
zombie_E_crc_mismatch_0045.zip,1
zombie_E_crc_mismatch_0046.zip,1
zombie_E_crc_mismatch_0047.zip,1
zombie_E_crc_mismatch_0048.zip,1
zombie_E_crc_mismatch_0049.zip,1
zombie_E_crc_mismatch_0050.zip,1
zombie_E_crc_mismatch_0051.zip,1
zombie_E_crc_mismatch_0052.zip,1
zombie_E_crc_mismatch_0053.zip,1
zombie_E_crc_mismatch_0054.zip,1
zombie_E_crc_mismatch_0055.zip,1
zombie_E_crc_mismatch_0056.zip,1
zombie_E_crc_mismatch_0057.zip,1
zombie_E_crc_mismatch_0058.zip,1
zombie_E_crc_mismatch_0059.zip,1
zombie_E_crc_mismatch_0060.zip,1
zombie_E_crc_mismatch_0061.zip,1
zombie_E_crc_mismatch_0062.zip,1
zombie_E_crc_mismatch_0063.zip,1
zombie_E_crc_mismatch_0064.zip,1
zombie_E_crc_mismatch_0065.zip,1
zombie_E_crc_mismatch_0066.zip,1
zombie_E_crc_mismatch_0067.zip,1
zombie_E_crc_mismatch_0068.zip,1
zombie_E_crc_mismatch_0069.zip,1
zombie_E_crc_mismatch_0070.zip,1
zombie_E_crc_mismatch_0071.zip,1
zombie_E_crc_mismatch_0072.zip,1
zombie_E_crc_mismatch_0073.zip,1
zombie_E_crc_mismatch_0074.zip,1
zombie_E_crc_mismatch_0075.zip,1
zombie_E_crc_mismatch_0076.zip,1
zombie_E_crc_mismatch_0077.zip,1
zombie_E_crc_mismatch_0078.zip,1
zombie_E_crc_mismatch_0079.zip,1
zombie_E_crc_mismatch_0080.zip,1
zombie_E_crc_mismatch_0081.zip,1
zombie_E_crc_mismatch_0082.zip,1
zombie_E_crc_mismatch_0083.zip,1
zombie_E_crc_mismatch_0084.zip,1
zombie_E_crc_mismatch_0085.zip,1
zombie_E_crc_mismatch_0086.zip,1
zombie_E_crc_mismatch_0087.zip,1
zombie_E_crc_mismatch_0088.zip,1
zombie_E_crc_mismatch_0089.zip,1
zombie_E_crc_mismatch_0090.zip,1
zombie_E_crc_mismatch_0091.zip,1
zombie_E_crc_mismatch_0092.zip,1
zombie_E_crc_mismatch_0093.zip,1
zombie_E_crc_mismatch_0094.zip,1
zombie_E_crc_mismatch_0095.zip,1
zombie_E_crc_mismatch_0096.zip,1
zombie_E_crc_mismatch_0097.zip,1
zombie_E_crc_mismatch_0098.zip,1
zombie_E_crc_mismatch_0099.zip,1
zombie_F_extra_noise_0000.zip,1
zombie_F_extra_noise_0001.zip,1
zombie_F_extra_noise_0002.zip,1
zombie_F_extra_noise_0003.zip,1
zombie_F_extra_noise_0004.zip,1
zombie_F_extra_noise_0005.zip,1
zombie_F_extra_noise_0006.zip,1
zombie_F_extra_noise_0007.zip,1
zombie_F_extra_noise_0008.zip,1
zombie_F_extra_noise_0009.zip,1
zombie_F_extra_noise_0010.zip,1
zombie_F_extra_noise_0011.zip,1
zombie_F_extra_noise_0012.zip,1
zombie_F_extra_noise_0013.zip,1
zombie_F_extra_noise_0014.zip,1
zombie_F_extra_noise_0015.zip,1
zombie_F_extra_noise_0016.zip,1
zombie_F_extra_noise_0017.zip,1
zombie_F_extra_noise_0018.zip,1
zombie_F_extra_noise_0019.zip,1
zombie_F_extra_noise_0020.zip,1
zombie_F_extra_noise_0021.zip,1
zombie_F_extra_noise_0022.zip,1
zombie_F_extra_noise_0023.zip,1
zombie_F_extra_noise_0024.zip,1
zombie_F_extra_noise_0025.zip,1
zombie_F_extra_noise_0026.zip,1
zombie_F_extra_noise_0027.zip,1
zombie_F_extra_noise_0028.zip,1
zombie_F_extra_noise_0029.zip,1
zombie_F_extra_noise_0030.zip,1
zombie_F_extra_noise_0031.zip,1
zombie_F_extra_noise_0032.zip,1
zombie_F_extra_noise_0033.zip,1
zombie_F_extra_noise_0034.zip,1
zombie_F_extra_noise_0035.zip,1
zombie_F_extra_noise_0036.zip,1
zombie_F_extra_noise_0037.zip,1
zombie_F_extra_noise_0038.zip,1
zombie_F_extra_noise_0039.zip,1
zombie_F_extra_noise_0040.zip,1
zombie_F_extra_noise_0041.zip,1
zombie_F_extra_noise_0042.zip,1
zombie_F_extra_noise_0043.zip,1
zombie_F_extra_noise_0044.zip,1
zombie_F_extra_noise_0045.zip,1
zombie_F_extra_noise_0046.zip,1
zombie_F_extra_noise_0047.zip,1
zombie_F_extra_noise_0048.zip,1
zombie_F_extra_noise_0049.zip,1
zombie_F_extra_noise_0050.zip,1
zombie_F_extra_noise_0051.zip,1
zombie_F_extra_noise_0052.zip,1
zombie_F_extra_noise_0053.zip,1
zombie_F_extra_noise_0054.zip,1
zombie_F_extra_noise_0055.zip,1
zombie_F_extra_noise_0056.zip,1
zombie_F_extra_noise_0057.zip,1
zombie_F_extra_noise_0058.zip,1
zombie_F_extra_noise_0059.zip,1
zombie_F_extra_noise_0060.zip,1
zombie_F_extra_noise_0061.zip,1
zombie_F_extra_noise_0062.zip,1
zombie_F_extra_noise_0063.zip,1
zombie_F_extra_noise_0064.zip,1
zombie_F_extra_noise_0065.zip,1
zombie_F_extra_noise_0066.zip,1
zombie_F_extra_noise_0067.zip,1
zombie_F_extra_noise_0068.zip,1
zombie_F_extra_noise_0069.zip,1
zombie_F_extra_noise_0070.zip,1
zombie_F_extra_noise_0071.zip,1
zombie_F_extra_noise_0072.zip,1
zombie_F_extra_noise_0073.zip,1
zombie_F_extra_noise_0074.zip,1
zombie_F_extra_noise_0075.zip,1
zombie_F_extra_noise_0076.zip,1
zombie_F_extra_noise_0077.zip,1
zombie_F_extra_noise_0078.zip,1
zombie_F_extra_noise_0079.zip,1
zombie_F_extra_noise_0080.zip,1
zombie_F_extra_noise_0081.zip,1
zombie_F_extra_noise_0082.zip,1
zombie_F_extra_noise_0083.zip,1
zombie_F_extra_noise_0084.zip,1
zombie_F_extra_noise_0085.zip,1
zombie_F_extra_noise_0086.zip,1
zombie_F_extra_noise_0087.zip,1
zombie_F_extra_noise_0088.zip,1
zombie_F_extra_noise_0089.zip,1
zombie_F_extra_noise_0090.zip,1
zombie_F_extra_noise_0091.zip,1
zombie_F_extra_noise_0092.zip,1
zombie_F_extra_noise_0093.zip,1
zombie_F_extra_noise_0094.zip,1
zombie_F_extra_noise_0095.zip,1
zombie_F_extra_noise_0096.zip,1
zombie_F_extra_noise_0097.zip,1
zombie_F_extra_noise_0098.zip,1
zombie_F_extra_noise_0099.zip,1
zombie_G_high_compression_0000.zip,1
zombie_G_high_compression_0001.zip,1
zombie_G_high_compression_0002.zip,1
zombie_G_high_compression_0003.zip,1
zombie_G_high_compression_0004.zip,1
zombie_G_high_compression_0005.zip,1
zombie_G_high_compression_0006.zip,1
zombie_G_high_compression_0007.zip,1
zombie_G_high_compression_0008.zip,1
zombie_G_high_compression_0009.zip,1
zombie_G_high_compression_0010.zip,1
zombie_G_high_compression_0011.zip,1
zombie_G_high_compression_0012.zip,1
zombie_G_high_compression_0013.zip,1
zombie_G_high_compression_0014.zip,1
zombie_G_high_compression_0015.zip,1
zombie_G_high_compression_0016.zip,1
zombie_G_high_compression_0017.zip,1
zombie_G_high_compression_0018.zip,1
zombie_G_high_compression_0019.zip,1
zombie_G_high_compression_0020.zip,1
zombie_G_high_compression_0021.zip,1
zombie_G_high_compression_0022.zip,1
zombie_G_high_compression_0023.zip,1
zombie_G_high_compression_0024.zip,1
zombie_G_high_compression_0025.zip,1
zombie_G_high_compression_0026.zip,1
zombie_G_high_compression_0027.zip,1
zombie_G_high_compression_0028.zip,1
zombie_G_high_compression_0029.zip,1
zombie_G_high_compression_0030.zip,1
zombie_G_high_compression_0031.zip,1
zombie_G_high_compression_0032.zip,1
zombie_G_high_compression_0033.zip,1
zombie_G_high_compression_0034.zip,1
zombie_G_high_compression_0035.zip,1
zombie_G_high_compression_0036.zip,1
zombie_G_high_compression_0037.zip,1
zombie_G_high_compression_0038.zip,1
zombie_G_high_compression_0039.zip,1
zombie_G_high_compression_0040.zip,1
zombie_G_high_compression_0041.zip,1
zombie_G_high_compression_0042.zip,1
zombie_G_high_compression_0043.zip,1
zombie_G_high_compression_0044.zip,1
zombie_G_high_compression_0045.zip,1
zombie_G_high_compression_0046.zip,1
zombie_G_high_compression_0047.zip,1
zombie_G_high_compression_0048.zip,1
zombie_G_high_compression_0049.zip,1
zombie_G_high_compression_0050.zip,1
zombie_G_high_compression_0051.zip,1
zombie_G_high_compression_0052.zip,1
zombie_G_high_compression_0053.zip,1
zombie_G_high_compression_0054.zip,1
zombie_G_high_compression_0055.zip,1
zombie_G_high_compression_0056.zip,1
zombie_G_high_compression_0057.zip,1
zombie_G_high_compression_0058.zip,1
zombie_G_high_compression_0059.zip,1
zombie_G_high_compression_0060.zip,1
zombie_G_high_compression_0061.zip,1
zombie_G_high_compression_0062.zip,1
zombie_G_high_compression_0063.zip,1
zombie_G_high_compression_0064.zip,1
zombie_G_high_compression_0065.zip,1
zombie_G_high_compression_0066.zip,1
zombie_G_high_compression_0067.zip,1
zombie_G_high_compression_0068.zip,1
zombie_G_high_compression_0069.zip,1
zombie_G_high_compression_0070.zip,1
zombie_G_high_compression_0071.zip,1
zombie_G_high_compression_0072.zip,1
zombie_G_high_compression_0073.zip,1
zombie_G_high_compression_0074.zip,1
zombie_G_high_compression_0075.zip,1
zombie_G_high_compression_0076.zip,1
zombie_G_high_compression_0077.zip,1
zombie_G_high_compression_0078.zip,1
zombie_G_high_compression_0079.zip,1
zombie_G_high_compression_0080.zip,1
zombie_G_high_compression_0081.zip,1
zombie_G_high_compression_0082.zip,1
zombie_G_high_compression_0083.zip,1
zombie_G_high_compression_0084.zip,1
zombie_G_high_compression_0085.zip,1
zombie_G_high_compression_0086.zip,1
zombie_G_high_compression_0087.zip,1
zombie_G_high_compression_0088.zip,1
zombie_G_high_compression_0089.zip,1
zombie_G_high_compression_0090.zip,1
zombie_G_high_compression_0091.zip,1
zombie_G_high_compression_0092.zip,1
zombie_G_high_compression_0093.zip,1
zombie_G_high_compression_0094.zip,1
zombie_G_high_compression_0095.zip,1
zombie_G_high_compression_0096.zip,1
zombie_G_high_compression_0097.zip,1
zombie_G_high_compression_0098.zip,1
zombie_G_high_compression_0099.zip,1
zombie_H_size_mismatch_0000.zip,1
zombie_H_size_mismatch_0001.zip,1
zombie_H_size_mismatch_0002.zip,1
zombie_H_size_mismatch_0003.zip,1
zombie_H_size_mismatch_0004.zip,1
zombie_H_size_mismatch_0005.zip,1
zombie_H_size_mismatch_0006.zip,1
zombie_H_size_mismatch_0007.zip,1
zombie_H_size_mismatch_0008.zip,1
zombie_H_size_mismatch_0009.zip,1
zombie_H_size_mismatch_0010.zip,1
zombie_H_size_mismatch_0011.zip,1
zombie_H_size_mismatch_0012.zip,1
zombie_H_size_mismatch_0013.zip,1
zombie_H_size_mismatch_0014.zip,1
zombie_H_size_mismatch_0015.zip,1
zombie_H_size_mismatch_0016.zip,1
zombie_H_size_mismatch_0017.zip,1
zombie_H_size_mismatch_0018.zip,1
zombie_H_size_mismatch_0019.zip,1
zombie_H_size_mismatch_0020.zip,1
zombie_H_size_mismatch_0021.zip,1
zombie_H_size_mismatch_0022.zip,1
zombie_H_size_mismatch_0023.zip,1
zombie_H_size_mismatch_0024.zip,1
zombie_H_size_mismatch_0025.zip,1
zombie_H_size_mismatch_0026.zip,1
zombie_H_size_mismatch_0027.zip,1
zombie_H_size_mismatch_0028.zip,1
zombie_H_size_mismatch_0029.zip,1
zombie_H_size_mismatch_0030.zip,1
zombie_H_size_mismatch_0031.zip,1
zombie_H_size_mismatch_0032.zip,1
zombie_H_size_mismatch_0033.zip,1
zombie_H_size_mismatch_0034.zip,1
zombie_H_size_mismatch_0035.zip,1
zombie_H_size_mismatch_0036.zip,1
zombie_H_size_mismatch_0037.zip,1
zombie_H_size_mismatch_0038.zip,1
zombie_H_size_mismatch_0039.zip,1
zombie_H_size_mismatch_0040.zip,1
zombie_H_size_mismatch_0041.zip,1
zombie_H_size_mismatch_0042.zip,1
zombie_H_size_mismatch_0043.zip,1
zombie_H_size_mismatch_0044.zip,1
zombie_H_size_mismatch_0045.zip,1
zombie_H_size_mismatch_0046.zip,1
zombie_H_size_mismatch_0047.zip,1
zombie_H_size_mismatch_0048.zip,1
zombie_H_size_mismatch_0049.zip,1
zombie_H_size_mismatch_0050.zip,1
zombie_H_size_mismatch_0051.zip,1
zombie_H_size_mismatch_0052.zip,1
zombie_H_size_mismatch_0053.zip,1
zombie_H_size_mismatch_0054.zip,1
zombie_H_size_mismatch_0055.zip,1
zombie_H_size_mismatch_0056.zip,1
zombie_H_size_mismatch_0057.zip,1
zombie_H_size_mismatch_0058.zip,1
zombie_H_size_mismatch_0059.zip,1
zombie_H_size_mismatch_0060.zip,1
zombie_H_size_mismatch_0061.zip,1
zombie_H_size_mismatch_0062.zip,1
zombie_H_size_mismatch_0063.zip,1
zombie_H_size_mismatch_0064.zip,1
zombie_H_size_mismatch_0065.zip,1
zombie_H_size_mismatch_0066.zip,1
zombie_H_size_mismatch_0067.zip,1
zombie_H_size_mismatch_0068.zip,1
zombie_H_size_mismatch_0069.zip,1
zombie_H_size_mismatch_0070.zip,1
zombie_H_size_mismatch_0071.zip,1
zombie_H_size_mismatch_0072.zip,1
zombie_H_size_mismatch_0073.zip,1
zombie_H_size_mismatch_0074.zip,1
zombie_H_size_mismatch_0075.zip,1
zombie_H_size_mismatch_0076.zip,1
zombie_H_size_mismatch_0077.zip,1
zombie_H_size_mismatch_0078.zip,1
zombie_H_size_mismatch_0079.zip,1
zombie_H_size_mismatch_0080.zip,1
zombie_H_size_mismatch_0081.zip,1
zombie_H_size_mismatch_0082.zip,1
zombie_H_size_mismatch_0083.zip,1
zombie_H_size_mismatch_0084.zip,1
zombie_H_size_mismatch_0085.zip,1
zombie_H_size_mismatch_0086.zip,1
zombie_H_size_mismatch_0087.zip,1
zombie_H_size_mismatch_0088.zip,1
zombie_H_size_mismatch_0089.zip,1
zombie_H_size_mismatch_0090.zip,1
zombie_H_size_mismatch_0091.zip,1
zombie_H_size_mismatch_0092.zip,1
zombie_H_size_mismatch_0093.zip,1
zombie_H_size_mismatch_0094.zip,1
zombie_H_size_mismatch_0095.zip,1
zombie_H_size_mismatch_0096.zip,1
zombie_H_size_mismatch_0097.zip,1
zombie_H_size_mismatch_0098.zip,1
zombie_H_size_mismatch_0099.zip,1
hard_negative_extra_field_noise_0000.zip,0
hard_negative_extra_field_noise_0001.zip,0
hard_negative_extra_field_noise_0008.zip,0
hard_negative_extra_field_noise_0009.zip,0
hard_negative_extra_field_noise_0010.zip,0
hard_negative_extra_field_noise_0011.zip,0
hard_negative_extra_field_noise_0014.zip,0
hard_negative_extra_field_noise_0015.zip,0
hard_negative_extra_field_noise_0019.zip,0
hard_negative_extra_field_noise_0021.zip,0
hard_negative_extra_field_noise_0022.zip,0
hard_negative_extra_field_noise_0023.zip,0
hard_negative_extra_field_noise_0025.zip,0
hard_negative_extra_field_noise_0029.zip,0
hard_negative_extra_field_noise_0032.zip,0
hard_negative_extra_field_noise_0039.zip,0
hard_negative_extra_field_noise_0040.zip,0
hard_negative_extra_field_noise_0042.zip,0
hard_negative_extra_field_noise_0045.zip,0
hard_negative_extra_field_noise_0046.zip,0
hard_negative_extra_field_noise_0048.zip,0
hard_negative_extra_field_noise_0052.zip,0
hard_negative_extra_field_noise_0054.zip,0
hard_negative_extra_field_noise_0056.zip,0
hard_negative_extra_field_noise_0057.zip,0
hard_negative_extra_field_noise_0058.zip,0
hard_negative_extra_field_noise_0062.zip,0
hard_negative_extra_field_noise_0066.zip,0
hard_negative_extra_field_noise_0067.zip,0
hard_negative_extra_field_noise_0068.zip,0
hard_negative_extra_field_noise_0070.zip,0
hard_negative_extra_field_noise_0071.zip,0
hard_negative_extra_field_noise_0074.zip,0
hard_negative_extra_field_noise_0075.zip,0
hard_negative_extra_field_noise_0079.zip,0
hard_negative_extra_field_noise_0082.zip,0
hard_negative_extra_field_noise_0085.zip,0
hard_negative_extra_field_noise_0086.zip,0
hard_negative_extra_field_noise_0088.zip,0
hard_negative_extra_field_noise_0090.zip,0
hard_negative_extra_field_noise_0091.zip,0
hard_negative_extra_field_noise_0092.zip,0
hard_negative_extra_field_noise_0093.zip,0
hard_negative_extra_field_noise_0095.zip,0
hard_negative_extra_field_noise_0096.zip,0
hard_negative_extra_field_noise_0097.zip,0
hard_negative_extra_field_noise_0102.zip,0
hard_negative_extra_field_noise_0103.zip,0
hard_negative_extra_field_noise_0104.zip,0
hard_negative_extra_field_noise_0105.zip,0
hard_negative_extra_field_noise_0106.zip,0
hard_negative_extra_field_noise_0108.zip,0
hard_negative_extra_field_noise_0113.zip,0
hard_negative_extra_field_noise_0114.zip,0
hard_negative_extra_field_noise_0117.zip,0
hard_negative_extra_field_noise_0121.zip,0
hard_negative_extra_field_noise_0123.zip,0
hard_negative_extra_field_noise_0124.zip,0
hard_negative_extra_field_noise_0129.zip,0
hard_negative_extra_field_noise_0131.zip,0
hard_negative_extra_field_noise_0133.zip,0
hard_negative_extra_field_noise_0135.zip,0
hard_negative_extra_field_noise_0136.zip,0
hard_negative_extra_field_noise_0137.zip,0
hard_negative_extra_field_noise_0139.zip,0
hard_negative_extra_field_noise_0141.zip,0
hard_negative_extra_field_noise_0148.zip,0
hard_negative_extra_field_noise_0150.zip,0
hard_negative_extra_field_noise_0152.zip,0
hard_negative_extra_field_noise_0153.zip,0
hard_negative_extra_field_noise_0154.zip,0
hard_negative_extra_field_noise_0158.zip,0
hard_negative_extra_field_noise_0160.zip,0
hard_negative_extra_field_noise_0161.zip,0
hard_negative_extra_field_noise_0165.zip,0
hard_negative_extra_field_noise_0167.zip,0
hard_negative_extra_field_noise_0169.zip,0
hard_negative_extra_field_noise_0170.zip,0
hard_negative_extra_field_noise_0171.zip,0
hard_negative_extra_field_noise_0172.zip,0
hard_negative_extra_field_noise_0175.zip,0
hard_negative_extra_field_noise_0177.zip,0
hard_negative_extra_field_noise_0179.zip,0
hard_negative_extra_field_noise_0181.zip,0
hard_negative_extra_field_noise_0182.zip,0
hard_negative_extra_field_noise_0183.zip,0
hard_negative_extra_field_noise_0190.zip,0
hard_negative_extra_field_noise_0191.zip,0
hard_negative_extra_field_noise_0193.zip,0
hard_negative_extra_field_noise_0198.zip,0
hard_negative_extra_field_noise_0199.zip,0
hard_negative_mismatched_sizes_0002.zip,0
hard_negative_mismatched_sizes_0003.zip,0
hard_negative_mismatched_sizes_0007.zip,0
hard_negative_mismatched_sizes_0008.zip,0
hard_negative_mismatched_sizes_0009.zip,0
hard_negative_mismatched_sizes_0010.zip,0
hard_negative_mismatched_sizes_0011.zip,0
hard_negative_mismatched_sizes_0012.zip,0
hard_negative_mismatched_sizes_0013.zip,0
hard_negative_mismatched_sizes_0016.zip,0
hard_negative_mismatched_sizes_0017.zip,0
hard_negative_mismatched_sizes_0023.zip,0
hard_negative_mismatched_sizes_0024.zip,0
hard_negative_mismatched_sizes_0027.zip,0
hard_negative_mismatched_sizes_0028.zip,0
hard_negative_mismatched_sizes_0029.zip,0
hard_negative_mismatched_sizes_0030.zip,0
hard_negative_mismatched_sizes_0031.zip,0
hard_negative_mismatched_sizes_0033.zip,0
hard_negative_mismatched_sizes_0034.zip,0
hard_negative_mismatched_sizes_0040.zip,0
hard_negative_mismatched_sizes_0042.zip,0
hard_negative_mismatched_sizes_0043.zip,0
hard_negative_mismatched_sizes_0044.zip,0
hard_negative_mismatched_sizes_0046.zip,0
hard_negative_mismatched_sizes_0047.zip,0
hard_negative_mismatched_sizes_0049.zip,0
hard_negative_mismatched_sizes_0050.zip,0
hard_negative_mismatched_sizes_0051.zip,0
hard_negative_mismatched_sizes_0059.zip,0
hard_negative_mismatched_sizes_0060.zip,0
hard_negative_mismatched_sizes_0064.zip,0
hard_negative_mismatched_sizes_0065.zip,0
hard_negative_mismatched_sizes_0066.zip,0
hard_negative_mismatched_sizes_0068.zip,0
hard_negative_mismatched_sizes_0069.zip,0
hard_negative_mismatched_sizes_0074.zip,0
hard_negative_mismatched_sizes_0078.zip,0
hard_negative_mismatched_sizes_0079.zip,0
hard_negative_mismatched_sizes_0081.zip,0
hard_negative_mismatched_sizes_0082.zip,0
hard_negative_mismatched_sizes_0084.zip,0
hard_negative_mismatched_sizes_0089.zip,0
hard_negative_mismatched_sizes_0091.zip,0
hard_negative_mismatched_sizes_0096.zip,0
hard_negative_mismatched_sizes_0098.zip,0
hard_negative_mismatched_sizes_0099.zip,0
hard_negative_mismatched_sizes_0101.zip,0
hard_negative_mismatched_sizes_0102.zip,0
hard_negative_mismatched_sizes_0104.zip,0
hard_negative_mismatched_sizes_0105.zip,0
hard_negative_mismatched_sizes_0111.zip,0
hard_negative_mismatched_sizes_0112.zip,0
hard_negative_mismatched_sizes_0114.zip,0
hard_negative_mismatched_sizes_0115.zip,0
hard_negative_mismatched_sizes_0116.zip,0
hard_negative_mismatched_sizes_0117.zip,0
hard_negative_mismatched_sizes_0119.zip,0
hard_negative_mismatched_sizes_0120.zip,0
hard_negative_mismatched_sizes_0122.zip,0
hard_negative_mismatched_sizes_0124.zip,0
hard_negative_mismatched_sizes_0125.zip,0
hard_negative_mismatched_sizes_0126.zip,0
hard_negative_mismatched_sizes_0129.zip,0
hard_negative_mismatched_sizes_0130.zip,0
hard_negative_mismatched_sizes_0132.zip,0
hard_negative_mismatched_sizes_0133.zip,0
hard_negative_mismatched_sizes_0136.zip,0
hard_negative_mismatched_sizes_0140.zip,0
hard_negative_mismatched_sizes_0146.zip,0
hard_negative_mismatched_sizes_0148.zip,0
hard_negative_mismatched_sizes_0149.zip,0
hard_negative_mismatched_sizes_0150.zip,0
hard_negative_mismatched_sizes_0151.zip,0
hard_negative_mismatched_sizes_0152.zip,0
hard_negative_mismatched_sizes_0155.zip,0
hard_negative_mismatched_sizes_0162.zip,0
hard_negative_mismatched_sizes_0163.zip,0
hard_negative_mismatched_sizes_0167.zip,0
hard_negative_mismatched_sizes_0168.zip,0
hard_negative_mismatched_sizes_0171.zip,0
hard_negative_mismatched_sizes_0173.zip,0
hard_negative_mismatched_sizes_0176.zip,0
hard_negative_mismatched_sizes_0177.zip,0
hard_negative_mismatched_sizes_0179.zip,0
hard_negative_mismatched_sizes_0180.zip,0
hard_negative_mismatched_sizes_0182.zip,0
hard_negative_mismatched_sizes_0187.zip,0
hard_negative_mismatched_sizes_0188.zip,0
hard_negative_mismatched_sizes_0194.zip,0
hard_negative_old_method_code_0000.zip,0
hard_negative_old_method_code_0001.zip,0
hard_negative_old_method_code_0002.zip,0
hard_negative_old_method_code_0005.zip,0
hard_negative_old_method_code_0007.zip,0
hard_negative_old_method_code_0011.zip,0
hard_negative_old_method_code_0013.zip,0
hard_negative_old_method_code_0016.zip,0
hard_negative_old_method_code_0017.zip,0
hard_negative_old_method_code_0018.zip,0
hard_negative_old_method_code_0019.zip,0
hard_negative_old_method_code_0020.zip,0
hard_negative_old_method_code_0021.zip,0
hard_negative_old_method_code_0024.zip,0
hard_negative_old_method_code_0026.zip,0
hard_negative_old_method_code_0028.zip,0
hard_negative_old_method_code_0029.zip,0
hard_negative_old_method_code_0031.zip,0
hard_negative_old_method_code_0032.zip,0
hard_negative_old_method_code_0034.zip,0
hard_negative_old_method_code_0036.zip,0
hard_negative_old_method_code_0038.zip,0
hard_negative_old_method_code_0041.zip,0
hard_negative_old_method_code_0043.zip,0
hard_negative_old_method_code_0044.zip,0
hard_negative_old_method_code_0045.zip,0
hard_negative_old_method_code_0047.zip,0
hard_negative_old_method_code_0048.zip,0
hard_negative_old_method_code_0050.zip,0
hard_negative_old_method_code_0052.zip,0
hard_negative_old_method_code_0053.zip,0
hard_negative_old_method_code_0056.zip,0
hard_negative_old_method_code_0057.zip,0
hard_negative_old_method_code_0060.zip,0
hard_negative_old_method_code_0061.zip,0
hard_negative_old_method_code_0062.zip,0
hard_negative_old_method_code_0063.zip,0
hard_negative_old_method_code_0066.zip,0
hard_negative_old_method_code_0070.zip,0
hard_negative_old_method_code_0072.zip,0
hard_negative_old_method_code_0074.zip,0
hard_negative_old_method_code_0076.zip,0
hard_negative_old_method_code_0077.zip,0
hard_negative_old_method_code_0081.zip,0
hard_negative_old_method_code_0082.zip,0
hard_negative_old_method_code_0083.zip,0
hard_negative_old_method_code_0084.zip,0
hard_negative_old_method_code_0085.zip,0
hard_negative_old_method_code_0087.zip,0
hard_negative_old_method_code_0089.zip,0
hard_negative_old_method_code_0091.zip,0
hard_negative_old_method_code_0092.zip,0
hard_negative_old_method_code_0093.zip,0
hard_negative_old_method_code_0094.zip,0
hard_negative_old_method_code_0095.zip,0
hard_negative_old_method_code_0097.zip,0
hard_negative_old_method_code_0103.zip,0
hard_negative_old_method_code_0106.zip,0
hard_negative_old_method_code_0107.zip,0
hard_negative_old_method_code_0108.zip,0
hard_negative_old_method_code_0109.zip,0
hard_negative_old_method_code_0110.zip,0
hard_negative_old_method_code_0116.zip,0
hard_negative_old_method_code_0118.zip,0
hard_negative_old_method_code_0119.zip,0
hard_negative_old_method_code_0124.zip,0
hard_negative_old_method_code_0127.zip,0
hard_negative_old_method_code_0128.zip,0
hard_negative_old_method_code_0129.zip,0
hard_negative_old_method_code_0130.zip,0
hard_negative_old_method_code_0131.zip,0
hard_negative_old_method_code_0132.zip,0
hard_negative_old_method_code_0133.zip,0
hard_negative_old_method_code_0135.zip,0
hard_negative_old_method_code_0137.zip,0
hard_negative_old_method_code_0143.zip,0
hard_negative_old_method_code_0145.zip,0
hard_negative_old_method_code_0147.zip,0
hard_negative_old_method_code_0151.zip,0
hard_negative_old_method_code_0155.zip,0
hard_negative_old_method_code_0156.zip,0
hard_negative_old_method_code_0157.zip,0
hard_negative_old_method_code_0158.zip,0
hard_negative_old_method_code_0159.zip,0
hard_negative_old_method_code_0161.zip,0
hard_negative_old_method_code_0163.zip,0
hard_negative_old_method_code_0164.zip,0
hard_negative_old_method_code_0165.zip,0
hard_negative_old_method_code_0166.zip,0
hard_negative_old_method_code_0170.zip,0
hard_negative_old_method_code_0172.zip,0
hard_negative_old_method_code_0175.zip,0
hard_negative_old_method_code_0179.zip,0
hard_negative_old_method_code_0182.zip,0
hard_negative_old_method_code_0183.zip,0
hard_negative_old_method_code_0185.zip,0
hard_negative_old_method_code_0186.zip,0
hard_negative_old_method_code_0187.zip,0
hard_negative_old_method_code_0188.zip,0
hard_negative_old_method_code_0189.zip,0
hard_negative_old_method_code_0192.zip,0
hard_negative_old_method_code_0197.zip,0
hard_negative_old_method_code_0198.zip,0
hard_negative_unusual_version_0000.zip,0
hard_negative_unusual_version_0004.zip,0
hard_negative_unusual_version_0006.zip,0
hard_negative_unusual_version_0007.zip,0
hard_negative_unusual_version_0009.zip,0
hard_negative_unusual_version_0015.zip,0
hard_negative_unusual_version_0016.zip,0
hard_negative_unusual_version_0018.zip,0
hard_negative_unusual_version_0020.zip,0
hard_negative_unusual_version_0022.zip,0
hard_negative_unusual_version_0025.zip,0
hard_negative_unusual_version_0028.zip,0
hard_negative_unusual_version_0033.zip,0
hard_negative_unusual_version_0035.zip,0
hard_negative_unusual_version_0036.zip,0
hard_negative_unusual_version_0037.zip,0
hard_negative_unusual_version_0038.zip,0
hard_negative_unusual_version_0039.zip,0
hard_negative_unusual_version_0042.zip,0
hard_negative_unusual_version_0043.zip,0
hard_negative_unusual_version_0049.zip,0
hard_negative_unusual_version_0051.zip,0
hard_negative_unusual_version_0053.zip,0
hard_negative_unusual_version_0055.zip,0
hard_negative_unusual_version_0057.zip,0
hard_negative_unusual_version_0058.zip,0
hard_negative_unusual_version_0059.zip,0
hard_negative_unusual_version_0061.zip,0
hard_negative_unusual_version_0063.zip,0
hard_negative_unusual_version_0068.zip,0
hard_negative_unusual_version_0069.zip,0
hard_negative_unusual_version_0071.zip,0
hard_negative_unusual_version_0072.zip,0
hard_negative_unusual_version_0073.zip,0
hard_negative_unusual_version_0075.zip,0
hard_negative_unusual_version_0077.zip,0
hard_negative_unusual_version_0079.zip,0
hard_negative_unusual_version_0080.zip,0
hard_negative_unusual_version_0083.zip,0
hard_negative_unusual_version_0086.zip,0
hard_negative_unusual_version_0090.zip,0
hard_negative_unusual_version_0093.zip,0
hard_negative_unusual_version_0096.zip,0
hard_negative_unusual_version_0097.zip,0
hard_negative_unusual_version_0098.zip,0
hard_negative_unusual_version_0099.zip,0
hard_negative_unusual_version_0100.zip,0
hard_negative_unusual_version_0105.zip,0
hard_negative_unusual_version_0108.zip,0
hard_negative_unusual_version_0109.zip,0
hard_negative_unusual_version_0111.zip,0
hard_negative_unusual_version_0112.zip,0
hard_negative_unusual_version_0114.zip,0
hard_negative_unusual_version_0118.zip,0
hard_negative_unusual_version_0119.zip,0
hard_negative_unusual_version_0120.zip,0
hard_negative_unusual_version_0121.zip,0
hard_negative_unusual_version_0122.zip,0
hard_negative_unusual_version_0123.zip,0
hard_negative_unusual_version_0125.zip,0
hard_negative_unusual_version_0126.zip,0
hard_negative_unusual_version_0127.zip,0
hard_negative_unusual_version_0134.zip,0
hard_negative_unusual_version_0135.zip,0
hard_negative_unusual_version_0136.zip,0
hard_negative_unusual_version_0138.zip,0
hard_negative_unusual_version_0139.zip,0
hard_negative_unusual_version_0140.zip,0
hard_negative_unusual_version_0143.zip,0
hard_negative_unusual_version_0144.zip,0
hard_negative_unusual_version_0146.zip,0
hard_negative_unusual_version_0148.zip,0
hard_negative_unusual_version_0150.zip,0
hard_negative_unusual_version_0151.zip,0
hard_negative_unusual_version_0155.zip,0
hard_negative_unusual_version_0156.zip,0
hard_negative_unusual_version_0158.zip,0
hard_negative_unusual_version_0159.zip,0
hard_negative_unusual_version_0163.zip,0
hard_negative_unusual_version_0166.zip,0
hard_negative_unusual_version_0171.zip,0
hard_negative_unusual_version_0173.zip,0
hard_negative_unusual_version_0174.zip,0
hard_negative_unusual_version_0178.zip,0
hard_negative_unusual_version_0180.zip,0
hard_negative_unusual_version_0184.zip,0
hard_negative_unusual_version_0185.zip,0
hard_negative_unusual_version_0186.zip,0
hard_negative_unusual_version_0189.zip,0
hard_negative_unusual_version_0190.zip,0
hard_negative_unusual_version_0195.zip,0
hard_negative_unusual_version_0196.zip,0
hard_negative_unusual_version_0197.zip,0
hard_negative_unusual_version_0199.zip,0
hard_negative_zero_crc_stored_0001.zip,0
hard_negative_zero_crc_stored_0003.zip,0
hard_negative_zero_crc_stored_0004.zip,0
hard_negative_zero_crc_stored_0005.zip,0
hard_negative_zero_crc_stored_0018.zip,0
hard_negative_zero_crc_stored_0023.zip,0
hard_negative_zero_crc_stored_0024.zip,0
hard_negative_zero_crc_stored_0026.zip,0
hard_negative_zero_crc_stored_0027.zip,0
hard_negative_zero_crc_stored_0030.zip,0
hard_negative_zero_crc_stored_0032.zip,0
hard_negative_zero_crc_stored_0033.zip,0
hard_negative_zero_crc_stored_0037.zip,0
hard_negative_zero_crc_stored_0038.zip,0
hard_negative_zero_crc_stored_0046.zip,0
hard_negative_zero_crc_stored_0049.zip,0
hard_negative_zero_crc_stored_0053.zip,0
hard_negative_zero_crc_stored_0054.zip,0
hard_negative_zero_crc_stored_0055.zip,0
hard_negative_zero_crc_stored_0056.zip,0
hard_negative_zero_crc_stored_0060.zip,0
hard_negative_zero_crc_stored_0061.zip,0
hard_negative_zero_crc_stored_0062.zip,0
hard_negative_zero_crc_stored_0064.zip,0
hard_negative_zero_crc_stored_0065.zip,0
hard_negative_zero_crc_stored_0067.zip,0
hard_negative_zero_crc_stored_0070.zip,0
hard_negative_zero_crc_stored_0072.zip,0
hard_negative_zero_crc_stored_0073.zip,0
hard_negative_zero_crc_stored_0075.zip,0
hard_negative_zero_crc_stored_0076.zip,0
hard_negative_zero_crc_stored_0077.zip,0
hard_negative_zero_crc_stored_0078.zip,0
hard_negative_zero_crc_stored_0092.zip,0
hard_negative_zero_crc_stored_0094.zip,0
hard_negative_zero_crc_stored_0098.zip,0
hard_negative_zero_crc_stored_0100.zip,0
hard_negative_zero_crc_stored_0101.zip,0
hard_negative_zero_crc_stored_0104.zip,0
hard_negative_zero_crc_stored_0107.zip,0
hard_negative_zero_crc_stored_0109.zip,0
hard_negative_zero_crc_stored_0110.zip,0
hard_negative_zero_crc_stored_0113.zip,0
hard_negative_zero_crc_stored_0115.zip,0
hard_negative_zero_crc_stored_0118.zip,0
hard_negative_zero_crc_stored_0121.zip,0
hard_negative_zero_crc_stored_0122.zip,0
hard_negative_zero_crc_stored_0126.zip,0
hard_negative_zero_crc_stored_0128.zip,0
hard_negative_zero_crc_stored_0130.zip,0
hard_negative_zero_crc_stored_0131.zip,0
hard_negative_zero_crc_stored_0132.zip,0
hard_negative_zero_crc_stored_0137.zip,0
hard_negative_zero_crc_stored_0138.zip,0
hard_negative_zero_crc_stored_0141.zip,0
hard_negative_zero_crc_stored_0142.zip,0
hard_negative_zero_crc_stored_0145.zip,0
hard_negative_zero_crc_stored_0146.zip,0
hard_negative_zero_crc_stored_0149.zip,0
hard_negative_zero_crc_stored_0152.zip,0
hard_negative_zero_crc_stored_0153.zip,0
hard_negative_zero_crc_stored_0154.zip,0
hard_negative_zero_crc_stored_0157.zip,0
hard_negative_zero_crc_stored_0160.zip,0
hard_negative_zero_crc_stored_0161.zip,0
hard_negative_zero_crc_stored_0162.zip,0
hard_negative_zero_crc_stored_0164.zip,0
hard_negative_zero_crc_stored_0168.zip,0
hard_negative_zero_crc_stored_0169.zip,0
hard_negative_zero_crc_stored_0170.zip,0
hard_negative_zero_crc_stored_0172.zip,0
hard_negative_zero_crc_stored_0174.zip,0
hard_negative_zero_crc_stored_0175.zip,0
hard_negative_zero_crc_stored_0176.zip,0
hard_negative_zero_crc_stored_0178.zip,0
hard_negative_zero_crc_stored_0180.zip,0
hard_negative_zero_crc_stored_0181.zip,0
hard_negative_zero_crc_stored_0184.zip,0
hard_negative_zero_crc_stored_0187.zip,0
hard_negative_zero_crc_stored_0188.zip,0
hard_negative_zero_crc_stored_0189.zip,0
hard_negative_zero_crc_stored_0191.zip,0
hard_negative_zero_crc_stored_0192.zip,0
hard_negative_zero_crc_stored_0193.zip,0
hard_negative_zero_crc_stored_0194.zip,0
hard_negative_zero_crc_stored_0195.zip,0
hard_negative_zero_crc_stored_0196.zip,0
hard_negative_zero_crc_stored_0198.zip,0
hard_negative_zero_crc_stored_0199.zip,0
hard_negatives_fp_corpus/eclipse_431_sdk_win64.zip,0
hard_negatives_fp_corpus/gradle_764_bin.zip,0
hard_negatives_fp_corpus/gradle_86_bin.zip,0
hard_negatives_fp_corpus/gradle_87_bin.zip,0
hard_negatives_fp_corpus/kotlin_1924_compiler.zip,0
hard_negatives_fp_corpus/kotlin_200_compiler.zip,0
hard_negatives_fp_corpus/python311_embed_amd64.zip,0
hard_negatives_fp_corpus/python312_embed_amd64.zip,0
hard_negatives_fp_corpus/python312_embed_win32.zip,0
hard_negatives_fp_corpus/sonarqube_10051_community.zip,0
hard_negatives_fp_corpus/sysinternals_suite.zip,0
office_sample_000.docx.zip,0
office_sample_001.xlsx.zip,0
office_sample_002.docx.zip,0
office_sample_003.xlsx.zip,0
pypi_aio-pika.zip,0
pypi_aio-pika_9.5.8.zip,0
pypi_aio-pika_9.6.0.zip,0
pypi_aio-pika_9.6.1.zip,0
pypi_aiohttp.zip,0
pypi_aiohttp_3.13.3.zip,0
pypi_aiohttp_4.0.0a0.zip,0
pypi_aiohttp_4.0.0a1.zip,0
pypi_aiosqlite.zip,0
pypi_aiosqlite_0.21.0.zip,0
pypi_aiosqlite_0.22.0.zip,0
pypi_aiosqlite_0.22.1.zip,0
pypi_alembic.zip,0
pypi_alembic_1.18.2.zip,0
pypi_alembic_1.18.3.zip,0
pypi_alembic_1.18.4.zip,0
pypi_altair.zip,0
pypi_altair_6.1.0.dev20251117.zip,0
pypi_altair_6.1.0.dev20251124.zip,0
pypi_altair_6.1.0.dev20251222.zip,0
pypi_annotated-types.zip,0
pypi_annotated-types_0.5.0.zip,0
pypi_annotated-types_0.6.0.zip,0
pypi_annotated-types_0.7.0.zip,0
pypi_anyio.zip,0
pypi_anyio_4.11.0.zip,0
pypi_anyio_4.12.0.zip,0
pypi_anyio_4.12.1.zip,0
pypi_apscheduler.zip,0
pypi_apscheduler_4.0.0a1.zip,0
pypi_apscheduler_4.0.0a2.zip,0
pypi_apscheduler_4.0.0a3.zip,0
pypi_arrow.zip,0
pypi_arrow_1.2.3.zip,0
pypi_arrow_1.3.0.zip,0
pypi_arrow_1.4.0.zip,0
pypi_arviz.zip,0
pypi_arviz_0.23.4.zip,0
pypi_arviz_1.0.0.zip,0
pypi_arviz_1.0.0rc0.zip,0
pypi_attrs.zip,0
pypi_attrs_25.2.0.zip,0
pypi_attrs_25.3.0.zip,0
pypi_attrs_25.4.0.zip,0
pypi_azure-storage-blob.zip,0
pypi_azure-storage-blob_12.28.0.zip,0
pypi_azure-storage-blob_12.28.0b1.zip,0
pypi_azure-storage-blob_12.29.0b1.zip,0
pypi_babel.zip,0
pypi_babel_2.16.0.zip,0
pypi_babel_2.17.0.zip,0
pypi_babel_2.18.0.zip,0
pypi_barcode_0.15.1.zip,0
pypi_barcode_0.16.0.zip,0
pypi_barcode_0.16.1.zip,0
pypi_bcrypt.zip,0
pypi_bcrypt_4.2.1.zip,0
pypi_bcrypt_4.3.0.zip,0
pypi_bcrypt_5.0.0.zip,0
pypi_beautifulsoup4.zip,0
pypi_beautifulsoup4_4.14.1.zip,0
pypi_beautifulsoup4_4.14.2.zip,0
pypi_beautifulsoup4_4.14.3.zip,0
pypi_black.zip,0
pypi_black_26.1.0.zip,0
pypi_black_26.3.0.zip,0
pypi_black_26.3.1.zip,0
pypi_bokeh.zip,0
pypi_bokeh_3.10.0.dev1.zip,0
pypi_bokeh_3.10.0.dev2.zip,0
pypi_bokeh_3.9.0.dev1.zip,0
pypi_boto3.zip,0
pypi_boto3_1.42.66.zip,0
pypi_boto3_1.42.67.zip,0
pypi_boto3_1.42.68.zip,0
pypi_boto3_1.42.69.zip,0
pypi_bugsnag.zip,0
pypi_bugsnag_4.7.1.zip,0
pypi_bugsnag_4.8.0.zip,0
pypi_bugsnag_4.8.1.zip,0
pypi_bumpversion.zip,0
pypi_bumpversion_0.5.2.zip,0
pypi_bumpversion_0.5.3.zip,0
pypi_bumpversion_0.6.0.zip,0
pypi_celery.zip,0
pypi_celery_5.6.0.zip,0
pypi_celery_5.6.1.zip,0
pypi_celery_5.6.2.zip,0
pypi_certifi.zip,0
pypi_certifi_2025.11.12.zip,0
pypi_certifi_2026.1.4.zip,0
pypi_certifi_2026.2.25.zip,0
pypi_cffi.zip,0
pypi_cffi_1.17.1.zip,0
pypi_cffi_2.0.0.zip,0
pypi_cffi_2.0.0b1.zip,0
pypi_changelog.zip,0
pypi_changelog_0.6.0.zip,0
pypi_changelog_0.6.1.zip,0
pypi_changelog_0.6.2.zip,0
pypi_chardet.zip,0
pypi_chardet_7.0.0.zip,0
pypi_chardet_7.0.1.zip,0
pypi_chardet_7.1.0.zip,0
pypi_charset-normalizer.zip,0
pypi_charset-normalizer_3.4.3.zip,0
pypi_charset-normalizer_3.4.4.zip,0
pypi_charset-normalizer_3.4.5.zip,0
pypi_charset-normalizer_3.4.6.zip,0
pypi_click.zip,0
pypi_click_8.2.2.zip,0
pypi_click_8.3.0.zip,0
pypi_click_8.3.1.zip,0
pypi_codecov.zip,0
pypi_codecov_2.1.13.zip,0
pypi_colorama.zip,0
pypi_colorama_0.4.4.zip,0
pypi_colorama_0.4.5.zip,0
pypi_colorama_0.4.6.zip,0
pypi_commitizen.zip,0
pypi_commitizen_4.13.7.zip,0
pypi_commitizen_4.13.8.zip,0
pypi_commitizen_4.13.9.zip,0
pypi_confluent-kafka.zip,0
pypi_confluent-kafka_2.13.0.zip,0
pypi_confluent-kafka_2.13.0b1.zip,0
pypi_confluent-kafka_2.13.2.zip,0
pypi_coverage.zip,0
pypi_coverage_7.13.2.zip,0
pypi_coverage_7.13.3.zip,0
pypi_coverage_7.13.4.zip,0
pypi_coveralls.zip,0
pypi_coveralls_4.0.1.zip,0
pypi_coveralls_4.0.2.zip,0
pypi_coveralls_4.1.0.zip,0
pypi_cryptography.zip,0
pypi_cryptography_46.0.3.zip,0
pypi_cryptography_46.0.4.zip,0
pypi_cryptography_46.0.5.zip,0
pypi_cssselect.zip,0
pypi_cssselect_1.2.0.zip,0
pypi_cssselect_1.3.0.zip,0
pypi_cssselect_1.4.0.zip,0
pypi_cython.zip,0
pypi_cython_3.2.2.zip,0
pypi_cython_3.2.3.zip,0
pypi_cython_3.2.4.zip,0
pypi_dask.zip,0
pypi_dask_2026.1.0.zip,0
pypi_dask_2026.1.1.zip,0
pypi_dask_2026.1.2.zip,0
pypi_databases.zip,0
pypi_databases_0.7.0.zip,0
pypi_databases_0.8.0.zip,0
pypi_databases_0.9.0.zip,0
pypi_datasets.zip,0
pypi_datasets_4.6.0.zip,0
pypi_datasets_4.6.1.zip,0
pypi_datasets_4.7.0.zip,0
pypi_datasets_4.8.0.zip,0
pypi_datasets_4.8.1.zip,0
pypi_datasets_4.8.2.zip,0
pypi_dateutil_2.8.2.zip,0
pypi_dateutil_2.9.0.post0.zip,0
pypi_dateutil_2.9.0.zip,0
pypi_decorator.zip,0
pypi_decorator_5.1.1.zip,0
pypi_decorator_5.2.0.zip,0
pypi_decorator_5.2.1.zip,0
pypi_distro.zip,0
pypi_distro_1.7.0.zip,0
pypi_distro_1.8.0.zip,0
pypi_distro_1.9.0.zip,0
pypi_django.zip,0
pypi_django_6.0.1.zip,0
pypi_django_6.0.2.zip,0
pypi_django_6.0.3.zip,0
pypi_dramatiq.zip,0
pypi_dramatiq_2.0.0.zip,0
pypi_dramatiq_2.0.1.zip,0
pypi_dramatiq_2.1.0.zip,0
pypi_email-validator.zip,0
pypi_email-validator_2.1.2.zip,0
pypi_email-validator_2.2.0.zip,0
pypi_email-validator_2.3.0.zip,0
pypi_factory-boy.zip,0
pypi_factory-boy_3.3.1.zip,0
pypi_factory-boy_3.3.2.zip,0
pypi_factory-boy_3.3.3.zip,0
pypi_faker.zip,0
pypi_faker_40.10.0.zip,0
pypi_faker_40.11.0.zip,0
pypi_faker_40.9.0.zip,0
pypi_fastapi.zip,0
pypi_fastapi_0.134.0.zip,0
pypi_fastapi_0.135.0.zip,0
pypi_fastapi_0.135.1.zip,0
pypi_fastavro.zip,0
pypi_fastavro_1.11.1.zip,0
pypi_fastavro_1.12.0.zip,0
pypi_fastavro_1.12.1.zip,0
pypi_fastparquet.zip,0
pypi_fastparquet_2024.11.0.zip,0
pypi_fastparquet_2024.5.0.zip,0
pypi_fastparquet_2025.12.0.zip,0
pypi_fire.zip,0
pypi_fire_0.7.1.zip,0
pypi_flask.zip,0
pypi_flask_3.1.1.zip,0
pypi_flask_3.1.2.zip,0
pypi_flask_3.1.3.zip,0
pypi_flit.zip,0
pypi_flit_3.10.1.zip,0
pypi_flit_3.11.0.zip,0
pypi_flit_3.12.0.zip,0
pypi_fpdf2.zip,0
pypi_fpdf2_2.8.5.zip,0
pypi_fpdf2_2.8.6.zip,0
pypi_fpdf2_2.8.7.zip,0
pypi_freezegun.zip,0
pypi_freezegun_1.5.3.zip,0
pypi_freezegun_1.5.4.zip,0
pypi_freezegun_1.5.5.zip,0
pypi_ftfy.zip,0
pypi_ftfy_6.2.3.zip,0
pypi_ftfy_6.3.0.zip,0
pypi_ftfy_6.3.1.zip,0
pypi_gensim.zip,0
pypi_gensim_4.3.2.zip,0
pypi_gensim_4.3.3.zip,0
pypi_gensim_4.4.0.zip,0
pypi_google-cloud-storage.zip,0
pypi_google-cloud-storage_3.7.0.zip,0
pypi_google-cloud-storage_3.8.0.zip,0
pypi_google-cloud-storage_3.9.0.zip,0
pypi_gradio.zip,0
pypi_gradio_6.7.0.zip,0
pypi_gradio_6.8.0.zip,0
pypi_gradio_6.9.0.zip,0
pypi_graphviz.zip,0
pypi_graphviz_0.20.2.zip,0
pypi_graphviz_0.20.3.zip,0
pypi_graphviz_0.21.zip,0
pypi_grpcio.zip,0
pypi_grpcio_1.78.0.zip,0
pypi_grpcio_1.78.0rc2.zip,0
pypi_grpcio_1.78.1.zip,0
pypi_gunicorn.zip,0
pypi_gunicorn_25.0.2.zip,0
pypi_gunicorn_25.0.3.zip,0
pypi_gunicorn_25.1.0.zip,0
pypi_h11.zip,0
pypi_h11_0.14.0.zip,0
pypi_h11_0.15.0.zip,0
pypi_h11_0.16.0.zip,0
pypi_h5py.zip,0
pypi_h5py_3.15.0.zip,0
pypi_h5py_3.15.1.zip,0
pypi_h5py_3.16.0.zip,0
pypi_hatch.zip,0
pypi_hatch_1.16.3.zip,0
pypi_hatch_1.16.4.zip,0
pypi_hatch_1.16.5.zip,0
pypi_html5lib.zip,0
pypi_html5lib_1.0.1.zip,0
pypi_html5lib_1.0b10.zip,0
pypi_html5lib_1.1.zip,0
pypi_httpcore.zip,0
pypi_httpcore_1.0.7.zip,0
pypi_httpcore_1.0.8.zip,0
pypi_httpcore_1.0.9.zip,0
pypi_httpretty_0.8.10.zip,0
pypi_httpretty_0.8.12.zip,0
pypi_httpretty_0.8.14.zip,0
pypi_httptools.zip,0
pypi_httptools_0.6.3.zip,0
pypi_httptools_0.6.4.zip,0
pypi_httptools_0.7.1.zip,0
pypi_httpx.zip,0
pypi_httpx_1.0.dev1.zip,0
pypi_httpx_1.0.dev2.zip,0
pypi_httpx_1.0.dev3.zip,0
pypi_huey.zip,0
pypi_huey_2.5.4.zip,0
pypi_huey_2.5.5.zip,0
pypi_huey_2.6.0.zip,0
pypi_huggingface-hub.zip,0
pypi_huggingface-hub_1.7.0.zip,0
pypi_huggingface-hub_1.7.0rc0.zip,0
pypi_huggingface-hub_1.7.1.zip,0
pypi_humanize.zip,0
pypi_humanize_4.13.0.zip,0
pypi_humanize_4.14.0.zip,0
pypi_humanize_4.15.0.zip,0
pypi_hypothesis.zip,0
pypi_hypothesis_6.151.7.zip,0
pypi_hypothesis_6.151.8.zip,0
pypi_hypothesis_6.151.9.zip,0
pypi_idna.zip,0
pypi_idna_3.10.zip,0
pypi_idna_3.11.zip,0
pypi_idna_3.9.zip,0
pypi_igraph.zip,0
pypi_igraph_0.11.8.zip,0
pypi_igraph_0.11.9.zip,0
pypi_igraph_1.0.0.zip,0
pypi_imageio.zip,0
pypi_imageio_2.37.0.zip,0
pypi_imageio_2.37.2.zip,0
pypi_imageio_2.37.3.zip,0
pypi_inflect.zip,0
pypi_inflect_7.3.1.zip,0
pypi_inflect_7.4.0.zip,0
pypi_inflect_7.5.0.zip,0
pypi_iniconfig.zip,0
pypi_iniconfig_2.1.0.zip,0
pypi_iniconfig_2.2.0.zip,0
pypi_iniconfig_2.3.0.zip,0
pypi_itsdangerous.zip,0
pypi_itsdangerous_2.1.1.zip,0
pypi_itsdangerous_2.1.2.zip,0
pypi_itsdangerous_2.2.0.zip,0
pypi_jinja2.zip,0
pypi_jinja2_3.1.4.zip,0
pypi_jinja2_3.1.5.zip,0
pypi_jinja2_3.1.6.zip,0
pypi_joblib.zip,0
pypi_joblib_1.5.1.zip,0
pypi_joblib_1.5.2.zip,0
pypi_joblib_1.5.3.zip,0
pypi_keras.zip,0
pypi_keras_3.13.0.zip,0
pypi_keras_3.13.1.zip,0
pypi_keras_3.13.2.zip,0
pypi_keyboard.zip,0
pypi_keyboard_0.13.3.zip,0
pypi_keyboard_0.13.4.zip,0
pypi_keyboard_0.13.5.zip,0
pypi_kombu.zip,0
pypi_kombu_5.6.0.zip,0
pypi_kombu_5.6.1.zip,0
pypi_kombu_5.6.2.zip,0
pypi_langdetect.zip,0
pypi_langdetect_1.0.8.zip,0
pypi_langdetect_1.0.9.zip,0
pypi_librosa.zip,0
pypi_librosa_0.11.0.zip,0
pypi_librosa_0.11.0rc0.zip,0
pypi_librosa_0.11.0rc1.zip,0
pypi_loguru.zip,0
pypi_loguru_0.7.1.zip,0
pypi_loguru_0.7.2.zip,0
pypi_loguru_0.7.3.zip,0
pypi_lxml.zip,0
pypi_lxml_6.0.0.zip,0
pypi_lxml_6.0.1.zip,0
pypi_lxml_6.0.2.zip,0
pypi_markupsafe.zip,0
pypi_markupsafe_3.0.1.zip,0
pypi_markupsafe_3.0.2.zip,0
pypi_markupsafe_3.0.3.zip,0
pypi_marshmallow.zip,0
pypi_marshmallow_4.2.0.zip,0
pypi_marshmallow_4.2.1.zip,0
pypi_marshmallow_4.2.2.zip,0
pypi_matplotlib.zip,0
pypi_matplotlib_3.10.6.zip,0
pypi_matplotlib_3.10.7.zip,0
pypi_matplotlib_3.10.8.zip,0
pypi_mechanize.zip,0
pypi_mechanize_0.4.10.zip,0
pypi_mechanize_0.4.8.zip,0
pypi_mechanize_0.4.9.zip,0
pypi_minio.zip,0
pypi_minio_7.2.18.zip,0
pypi_minio_7.2.19.zip,0
pypi_minio_7.2.20.zip,0
pypi_mkdocs.zip,0
pypi_mkdocs_1.5.3.zip,0
pypi_mkdocs_1.6.0.zip,0
pypi_mkdocs_1.6.1.zip,0
pypi_more-itertools.zip,0
pypi_more-itertools_10.6.0.zip,0
pypi_more-itertools_10.7.0.zip,0
pypi_more-itertools_10.8.0.zip,0
pypi_motor.zip,0
pypi_motor_3.6.1.zip,0
pypi_motor_3.7.0.zip,0
pypi_motor_3.7.1.zip,0
pypi_mouse.zip,0
pypi_mouse_0.6.1.zip,0
pypi_mouse_0.7.0.zip,0
pypi_mouse_0.7.1.zip,0
pypi_multiprocess.zip,0
pypi_multiprocess_0.70.17.zip,0
pypi_multiprocess_0.70.18.zip,0
pypi_multiprocess_0.70.19.zip,0
pypi_mutagen.zip,0
pypi_mutagen_1.45.1.zip,0
pypi_mutagen_1.46.0.zip,0
pypi_mutagen_1.47.0.zip,0
pypi_mypy-extensions.zip,0
pypi_mypy-extensions_0.4.3.zip,0
pypi_mypy-extensions_1.0.0.zip,0
pypi_mypy-extensions_1.1.0.zip,0
pypi_mypy.zip,0
pypi_mypy_1.18.2.zip,0
pypi_mypy_1.19.0.zip,0
pypi_mypy_1.19.1.zip,0
pypi_nats-py.zip,0
pypi_nats-py_2.13.0.zip,0
pypi_nats-py_2.13.1.zip,0
pypi_nats-py_2.14.0.zip,0
pypi_netcdf4.zip,0
pypi_netcdf4_1.7.2.zip,0
pypi_netcdf4_1.7.3.zip,0
pypi_netcdf4_1.7.4.zip,0
pypi_networkx.zip,0
pypi_networkx_3.5.zip,0
pypi_networkx_3.6.1.zip,0
pypi_networkx_3.6.zip,0
pypi_nltk.zip,0
pypi_nltk_3.9.1.zip,0
pypi_nltk_3.9.2.zip,0
pypi_nltk_3.9.3.zip,0
pypi_nox.zip,0
pypi_nox_2025.10.16.zip,0
pypi_nox_2025.11.12.zip,0
pypi_nox_2026.2.9.zip,0
pypi_numba.zip,0
pypi_numba_0.64.0.zip,0
pypi_numba_0.64.0rc1.zip,0
pypi_numba_0.65.0rc1.zip,0
pypi_numpy.zip,0
pypi_numpy_2.4.1.zip,0
pypi_numpy_2.4.2.zip,0
pypi_numpy_2.4.3.zip,0
pypi_opencv-python-headless.zip,0
pypi_opencv-python-headless_4.12.0.88.zip,0
pypi_opencv-python-headless_4.13.0.90.zip,0
pypi_opencv-python-headless_4.13.0.92.zip,0
pypi_openpyxl.zip,0
pypi_openpyxl_3.1.4.zip,0
pypi_openpyxl_3.1.5.zip,0
pypi_openpyxl_3.2.0b1.zip,0
pypi_packaging.zip,0
pypi_packaging_26.0.zip,0
pypi_packaging_26.0rc1.zip,0
pypi_packaging_26.0rc2.zip,0
pypi_pandas.zip,0
pypi_pandas_3.0.0.zip,0
pypi_pandas_3.0.0rc0.zip,0
pypi_pandas_3.0.1.zip,0
pypi_panel.zip,0
pypi_panel_1.8.10.zip,0
pypi_panel_1.8.7.zip,0
pypi_panel_1.8.8.zip,0
pypi_panel_1.8.9.zip,0
pypi_parameterized.zip,0
pypi_parameterized_0.7.5.zip,0
pypi_parameterized_0.8.1.zip,0
pypi_parameterized_0.9.0.zip,0
pypi_paramiko.zip,0
pypi_paramiko_3.5.0.zip,0
pypi_paramiko_3.5.1.zip,0
pypi_paramiko_4.0.0.zip,0
pypi_passlib.zip,0
pypi_passlib_1.7.2.zip,0
pypi_passlib_1.7.3.zip,0
pypi_passlib_1.7.4.zip,0
pypi_pathos.zip,0
pypi_pathos_0.3.3.zip,0
pypi_pathos_0.3.4.zip,0
pypi_pathos_0.3.5.zip,0
pypi_pdm.zip,0
pypi_pdm_2.26.4.zip,0
pypi_pdm_2.26.5.zip,0
pypi_pdm_2.26.6.zip,0
pypi_pdoc.zip,0
pypi_pdoc_15.0.3.zip,0
pypi_pdoc_15.0.4.zip,0
pypi_pdoc_16.0.0.zip,0
pypi_pendulum.zip,0
pypi_pendulum_3.0.0.zip,0
pypi_pendulum_3.1.0.zip,0
pypi_pendulum_3.2.0.zip,0
pypi_pika.zip,0
pypi_pika_1.3.0.zip,0
pypi_pika_1.3.1.zip,0
pypi_pika_1.3.2.zip,0
pypi_pillow.zip,0
pypi_pillow_12.0.0.zip,0
pypi_pillow_12.1.0.zip,0
pypi_pillow_12.1.1.zip,0
pypi_pingouin.zip,0
pypi_pingouin_0.5.4.zip,0
pypi_pingouin_0.5.5.zip,0
pypi_pingouin_0.6.0.zip,0
pypi_pip.zip,0
pypi_pip_25.3.zip,0
pypi_pip_26.0.1.zip,0
pypi_pip_26.0.zip,0
pypi_platform_4.9.1.zip,0
pypi_platform_4.9.2.zip,0
pypi_platform_4.9.4.zip,0
pypi_playwright.zip,0
pypi_playwright_1.56.0.zip,0
pypi_playwright_1.57.0.zip,0
pypi_playwright_1.58.0.zip,0
pypi_plotly.zip,0
pypi_plotly_6.5.1.zip,0
pypi_plotly_6.5.2.zip,0
pypi_plotly_6.6.0.zip,0
pypi_pluggy.zip,0
pypi_pluggy_1.4.0.zip,0
pypi_pluggy_1.5.0.zip,0
pypi_pluggy_1.6.0.zip,0
pypi_pre-commit.zip,0
pypi_pre-commit_4.4.0.zip,0
pypi_pre-commit_4.5.0.zip,0
pypi_pre-commit_4.5.1.zip,0
pypi_prettytable.zip,0
pypi_prettytable_3.15.1.zip,0
pypi_prettytable_3.16.0.zip,0
pypi_prettytable_3.17.0.zip,0
pypi_protobuf.zip,0
pypi_protobuf_7.34.0.zip,0
pypi_protobuf_7.34.0rc1.zip,0
pypi_protobuf_7.34.0rc2.zip,0
pypi_psutil.zip,0
pypi_psutil_7.2.0.zip,0
pypi_psutil_7.2.1.zip,0
pypi_psutil_7.2.2.zip,0
pypi_psycopg2.zip,0
pypi_psycopg2_2.9.10.zip,0
pypi_psycopg2_2.9.11.zip,0
pypi_psycopg2_2.9.9.zip,0
pypi_py-cpuinfo.zip,0
pypi_py-cpuinfo_9.0.0.zip,0
pypi_pyarrow.zip,0
pypi_pyarrow_22.0.0.zip,0
pypi_pyarrow_23.0.0.zip,0
pypi_pyarrow_23.0.1.zip,0
pypi_pybind11.zip,0
pypi_pybind11_3.0.0.zip,0
pypi_pybind11_3.0.1.zip,0
pypi_pybind11_3.0.2.zip,0
pypi_pydantic-settings.zip,0
pypi_pydantic-settings_2.12.0.zip,0
pypi_pydantic-settings_2.13.0.zip,0
pypi_pydantic-settings_2.13.1.zip,0
pypi_pydantic.zip,0
pypi_pydantic_2.12.5.zip,0
pypi_pydantic_2.13.0b1.zip,0
pypi_pydantic_2.13.0b2.zip,0
pypi_pydoc-markdown.zip,0
pypi_pydoc-markdown_4.8.0.zip,0
pypi_pydoc-markdown_4.8.1.zip,0
pypi_pydoc-markdown_4.8.2.zip,0
pypi_pydub.zip,0
pypi_pydub_0.24.1.zip,0
pypi_pydub_0.25.0.zip,0
pypi_pydub_0.25.1.zip,0
pypi_pylint.zip,0
pypi_pylint_4.0.3.zip,0
pypi_pylint_4.0.4.zip,0
pypi_pylint_4.0.5.zip,0
pypi_pymc.zip,0
pypi_pymc_5.27.1.zip,0
pypi_pymc_5.28.0.zip,0
pypi_pymc_5.28.1.zip,0
pypi_pymongo.zip,0
pypi_pymongo_4.15.5.zip,0
pypi_pymongo_4.16.0.dev0.zip,0
pypi_pymongo_4.16.0.zip,0
pypi_pynput.zip,0
pypi_pynput_1.7.8.zip,0
pypi_pynput_1.8.0.zip,0
pypi_pynput_1.8.1.zip,0
pypi_pyotp.zip,0
pypi_pyotp_2.7.0.zip,0
pypi_pyotp_2.8.0.zip,0
pypi_pyotp_2.9.0.zip,0
pypi_pyppeteer.zip,0
pypi_pyppeteer_2.0.0.zip,0
pypi_pyppeteer_2.0.0rc0.zip,0
pypi_pyppeteer_2.0.0rc1.zip,0
pypi_pyquery.zip,0
pypi_pyquery_1.4.3.zip,0
pypi_pyquery_2.0.0.zip,0
pypi_pyquery_2.0.1.zip,0
pypi_pytest.zip,0
pypi_pytest_9.0.0.zip,0
pypi_pytest_9.0.1.zip,0
pypi_pytest_9.0.2.zip,0
pypi_python-docx.zip,0
pypi_python-docx_1.1.1.zip,0
pypi_python-docx_1.1.2.zip,0
pypi_python-docx_1.2.0.zip,0
pypi_python-dotenv.zip,0
pypi_python-dotenv_1.2.0.zip,0
pypi_python-dotenv_1.2.1.zip,0
pypi_python-dotenv_1.2.2.zip,0
pypi_python-jose.zip,0
pypi_python-jose_3.3.0.zip,0
pypi_python-jose_3.4.0.zip,0
pypi_python-jose_3.5.0.zip,0
pypi_python-multipart.zip,0
pypi_python-multipart_0.0.20.zip,0
pypi_python-multipart_0.0.21.zip,0
pypi_python-multipart_0.0.22.zip,0
pypi_python-pptx.zip,0
pypi_python-pptx_1.0.0.zip,0
pypi_python-pptx_1.0.1.zip,0
pypi_python-pptx_1.0.2.zip,0
pypi_pytz.zip,0
pypi_pytz_2025.2.zip,0
pypi_pytz_2026.1.post1.zip,0
pypi_pytz_2026.1.zip,0
pypi_pyvis.zip,0
pypi_pyvis_0.1.9.zip,0
pypi_pyvis_0.2.0.zip,0
pypi_pyvis_0.3.2.zip,0
pypi_pyyaml.zip,0
pypi_pyyaml_6.0.1.zip,0
pypi_pyyaml_6.0.2.zip,0
pypi_pyyaml_6.0.3.zip,0
pypi_qrcode.zip,0
pypi_qrcode_8.0.zip,0
pypi_qrcode_8.1.zip,0
pypi_qrcode_8.2.zip,0
pypi_ray.zip,0
pypi_ray_2.52.1.zip,0
pypi_ray_2.53.0.zip,0
pypi_ray_2.54.0.zip,0
pypi_redis.zip,0
pypi_redis_7.2.0.zip,0
pypi_redis_7.2.1.zip,0
pypi_redis_7.3.0.zip,0
pypi_reportlab.zip,0
pypi_reportlab_4.4.10.zip,0
pypi_reportlab_4.4.7.zip,0
pypi_reportlab_4.4.9.zip,0
pypi_requests.zip,0
pypi_requests_2.32.3.zip,0
pypi_requests_2.32.4.zip,0
pypi_requests_2.32.5.zip,0
pypi_responses.zip,0
pypi_responses_0.25.7.zip,0
pypi_responses_0.25.8.zip,0
pypi_responses_0.26.0.zip,0
pypi_respx.zip,0
pypi_respx_0.21.0.zip,0
pypi_respx_0.21.1.zip,0
pypi_respx_0.22.0.zip,0
pypi_rich-argparse.zip,0
pypi_rich-argparse_1.7.0.zip,0
pypi_rich-argparse_1.7.1.zip,0
pypi_rich-argparse_1.7.2.zip,0
pypi_rich.zip,0
pypi_rich_14.3.1.zip,0
pypi_rich_14.3.2.zip,0
pypi_rich_14.3.3.zip,0
pypi_rollbar.zip,0
pypi_rollbar_1.1.2.zip,0
pypi_rollbar_1.2.0.zip,0
pypi_rollbar_1.3.0.zip,0
pypi_rq.zip,0
pypi_rq_2.6.0.zip,0
pypi_rq_2.6.1.zip,0
pypi_rq_2.7.0.zip,0
pypi_s3fs.zip,0
pypi_s3fs_2025.12.0.zip,0
pypi_s3fs_2026.1.0.zip,0
pypi_s3fs_2026.2.0.zip,0
pypi_schedule.zip,0
pypi_schedule_1.2.0.zip,0
pypi_schedule_1.2.1.zip,0
pypi_schedule_1.2.2.zip,0
pypi_scikit-image.zip,0
pypi_scikit-image_0.26.0.zip,0
pypi_scikit-image_0.26.0rc0.zip,0
pypi_scikit-image_0.26.0rc1.zip,0
pypi_scikit-learn.zip,0
pypi_scikit-learn_1.7.2.zip,0
pypi_scikit-learn_1.8.0.zip,0
pypi_scikit-learn_1.8.0rc1.zip,0
pypi_scipy.zip,0
pypi_scipy_1.17.0.zip,0
pypi_scipy_1.17.0rc1.zip,0
pypi_scipy_1.17.1.zip,0
pypi_scrapy.zip,0
pypi_scrapy_2.14.0.zip,0
pypi_scrapy_2.14.1.zip,0
pypi_scrapy_2.14.2.zip,0
pypi_seaborn.zip,0
pypi_seaborn_0.13.0.zip,0
pypi_seaborn_0.13.1.zip,0
pypi_seaborn_0.13.2.zip,0
pypi_selenium.zip,0
pypi_selenium_4.39.0.zip,0
pypi_selenium_4.40.0.zip,0
pypi_selenium_4.41.0.zip,0
pypi_semantic-release.zip,0
pypi_semantic-release_0.1.0.zip,0
pypi_sentry-sdk.zip,0
pypi_sentry-sdk_3.0.0a1.zip,0
pypi_sentry-sdk_3.0.0a2.zip,0
pypi_sentry-sdk_3.0.0a3.zip,0
pypi_setuptools.zip,0
pypi_setuptools_81.0.0.zip,0
pypi_setuptools_82.0.0.zip,0
pypi_setuptools_82.0.1.zip,0
pypi_six.zip,0
pypi_six_1.15.0.zip,0
pypi_six_1.16.0.zip,0
pypi_six_1.17.0.zip,0
pypi_sniffio.zip,0
pypi_sniffio_1.2.0.zip,0
pypi_sniffio_1.3.0.zip,0
pypi_sniffio_1.3.1.zip,0
pypi_soundfile.zip,0
pypi_soundfile_0.12.1.zip,0
pypi_soundfile_0.13.0.zip,0
pypi_soundfile_0.13.1.zip,0
pypi_spacy.zip,0
pypi_spacy_4.0.0.dev1.zip,0
pypi_spacy_4.0.0.dev2.zip,0
pypi_spacy_4.0.0.dev3.zip,0
pypi_sphinx.zip,0
pypi_sphinx_9.1.0.zip,0
pypi_sphinx_9.1.0rc1.zip,0
pypi_sphinx_9.1.0rc2.zip,0
pypi_sqlalchemy.zip,0
pypi_sqlalchemy_2.0.47.zip,0
pypi_sqlalchemy_2.0.48.zip,0
pypi_sqlalchemy_2.1.0b1.zip,0
pypi_sqlmodel.zip,0
pypi_sqlmodel_0.0.35.zip,0
pypi_sqlmodel_0.0.36.zip,0
pypi_sqlmodel_0.0.37.zip,0
pypi_starlette.zip,0
pypi_starlette_0.52.0.zip,0
pypi_starlette_0.52.1.zip,0
pypi_starlette_1.0.0rc1.zip,0
pypi_statsmodels.zip,0
pypi_statsmodels_0.14.4.zip,0
pypi_statsmodels_0.14.5.zip,0
pypi_statsmodels_0.14.6.zip,0
pypi_streamlit.zip,0
pypi_streamlit_1.53.1.zip,0
pypi_streamlit_1.54.0.zip,0
pypi_streamlit_1.55.0.zip,0
pypi_structlog.zip,0
pypi_structlog_25.3.0.zip,0
pypi_structlog_25.4.0.zip,0
pypi_structlog_25.5.0.zip,0
pypi_sympy.zip,0
pypi_sympy_1.14.0.zip,0
pypi_sympy_1.14.0rc1.zip,0
pypi_sympy_1.14.0rc2.zip,0
pypi_tabulate.zip,0
pypi_tabulate_0.10.0.zip,0
pypi_tabulate_0.8.10.zip,0
pypi_tabulate_0.9.0.zip,0
pypi_tensorflow.zip,0
pypi_tensorflow_2.21.0.zip,0
pypi_tensorflow_2.21.0rc0.zip,0
pypi_tensorflow_2.21.0rc1.zip,0
pypi_textblob.zip,0
pypi_textblob_0.18.0.post0.zip,0
pypi_textblob_0.18.0.zip,0
pypi_textblob_0.19.0.zip,0
pypi_time-machine.zip,0
pypi_time-machine_3.0.0.zip,0
pypi_time-machine_3.1.0.zip,0
pypi_time-machine_3.2.0.zip,0
pypi_tinytag.zip,0
pypi_tinytag_2.1.1.zip,0
pypi_tinytag_2.1.2.zip,0
pypi_tinytag_2.2.0.zip,0
pypi_tinytag_2.2.1.zip,0
pypi_tokenizers.zip,0
pypi_tokenizers_0.22.0.zip,0
pypi_tokenizers_0.22.1.zip,0
pypi_tokenizers_0.22.2.zip,0
pypi_toml.zip,0
pypi_toml_0.10.0.zip,0
pypi_toml_0.10.1.zip,0
pypi_toml_0.10.2.zip,0
pypi_tomli.zip,0
pypi_tomli_2.2.1.zip,0
pypi_tomli_2.3.0.zip,0
pypi_tomli_2.4.0.zip,0
pypi_torch.zip,0
pypi_torch_2.10.0.zip,0
pypi_torch_2.9.0.zip,0
pypi_torch_2.9.1.zip,0
pypi_torchvision.zip,0
pypi_torchvision_0.24.0.zip,0
pypi_torchvision_0.24.1.zip,0
pypi_torchvision_0.25.0.zip,0
pypi_tortoise-orm.zip,0
pypi_tortoise-orm_1.1.4.zip,0
pypi_tortoise-orm_1.1.5.zip,0
pypi_tortoise-orm_1.1.6.zip,0
pypi_towncrier.zip,0
pypi_towncrier_24.8.0.zip,0
pypi_towncrier_25.8.0.zip,0
pypi_towncrier_25.8.0rc2.zip,0
pypi_tox.zip,0
pypi_tox_4.48.1.zip,0
pypi_tox_4.49.0.zip,0
pypi_tox_4.49.1.zip,0
pypi_tqdm.zip,0
pypi_tqdm_4.67.1.zip,0
pypi_tqdm_4.67.2.zip,0
pypi_tqdm_4.67.3.zip,0
pypi_transformers.zip,0
pypi_transformers_5.1.0.zip,0
pypi_transformers_5.2.0.zip,0
pypi_transformers_5.3.0.zip,0
pypi_twine.zip,0
pypi_twine_6.0.1.zip,0
pypi_twine_6.1.0.zip,0
pypi_twine_6.2.0.zip,0
pypi_typer.zip,0
pypi_typer_0.23.2.zip,0
pypi_typer_0.24.0.zip,0
pypi_typer_0.24.1.zip,0
pypi_types-pyyaml.zip,0
pypi_types-pyyaml_6.0.12.20250809.zip,0
pypi_types-pyyaml_6.0.12.20250822.zip,0
pypi_types-pyyaml_6.0.12.20250915.zip,0
pypi_types-redis.zip,0
pypi_types-redis_4.6.0.20240819.zip,0
pypi_types-redis_4.6.0.20240903.zip,0
pypi_types-redis_4.6.0.20241004.zip,0
pypi_types-requests.zip,0
pypi_types-requests_2.32.4.20250809.zip,0
pypi_types-requests_2.32.4.20250913.zip,0
pypi_types-requests_2.32.4.20260107.zip,0
pypi_typing-extensions.zip,0
pypi_typing-extensions_4.14.1.zip,0
pypi_typing-extensions_4.15.0.zip,0
pypi_typing-extensions_4.15.0rc1.zip,0
pypi_unidecode.zip,0
pypi_unidecode_1.3.7.zip,0
pypi_unidecode_1.3.8.zip,0
pypi_unidecode_1.4.0.zip,0
pypi_urllib3.zip,0
pypi_urllib3_2.6.1.zip,0
pypi_urllib3_2.6.2.zip,0
pypi_urllib3_2.6.3.zip,0
pypi_uvicorn.zip,0
pypi_uvicorn_0.39.0.zip,0
pypi_uvicorn_0.40.0.zip,0
pypi_uvicorn_0.41.0.zip,0
pypi_uvicorn_0.42.0.zip,0
pypi_vcrpy.zip,0
pypi_vcrpy_8.0.0.zip,0
pypi_vcrpy_8.1.0.zip,0
pypi_vcrpy_8.1.1.zip,0
pypi_watchfiles.zip,0
pypi_watchfiles_1.0.5.zip,0
pypi_watchfiles_1.1.0.zip,0
pypi_watchfiles_1.1.1.zip,0
pypi_websockets.zip,0
pypi_websockets_15.0.1.zip,0
pypi_websockets_15.0.zip,0
pypi_websockets_16.0.zip,0
pypi_werkzeug.zip,0
pypi_werkzeug_3.1.4.zip,0
pypi_werkzeug_3.1.5.zip,0
pypi_werkzeug_3.1.6.zip,0
pypi_wheel.zip,0
pypi_wheel_0.46.1.zip,0
pypi_wheel_0.46.2.zip,0
pypi_wheel_0.46.3.zip,0
pypi_wrapt.zip,0
pypi_wrapt_2.1.0.dev1.zip,0
pypi_wrapt_2.1.1.zip,0
pypi_wrapt_2.1.2.zip,0
pypi_wtforms.zip,0
pypi_wtforms_3.1.2.zip,0
pypi_wtforms_3.2.0.zip,0
pypi_wtforms_3.2.1.zip,0
pypi_xgboost.zip,0
pypi_xgboost_3.1.2.zip,0
pypi_xgboost_3.1.3.zip,0
pypi_xgboost_3.2.0.zip,0
pypi_xlrd.zip,0
pypi_xlrd_2.0.0.zip,0
pypi_xlrd_2.0.1.zip,0
pypi_xlrd_2.0.2.zip,0
pypi_xlwt.zip,0
pypi_xlwt_1.1.2.zip,0
pypi_xlwt_1.2.0.zip,0
pypi_xlwt_1.3.0.zip,0
pypi_zarr.zip,0
pypi_zarr_3.1.3.zip,0
pypi_zarr_3.1.4.zip,0
pypi_zarr_3.1.5.zip,0
small_benign_0000.zip,0
small_benign_0001.zip,0
small_benign_0002.zip,0
small_benign_0003.zip,0
small_benign_0004.zip,0
small_benign_0005.zip,0
small_benign_0006.zip,0
small_benign_0007.zip,0
small_benign_0008.zip,0
small_benign_0009.zip,0
small_benign_0010.zip,0
small_benign_0011.zip,0
small_benign_0012.zip,0
small_benign_0013.zip,0
small_benign_0014.zip,0
small_benign_0015.zip,0
small_benign_0016.zip,0
small_benign_0017.zip,0
small_benign_0018.zip,0
small_benign_0019.zip,0
small_benign_0020.zip,0
small_benign_0021.zip,0
small_benign_0022.zip,0
small_benign_0023.zip,0
small_benign_0024.zip,0
small_benign_0025.zip,0
small_benign_0026.zip,0
small_benign_0027.zip,0
small_benign_0028.zip,0
small_benign_0029.zip,0
small_benign_0030.zip,0
small_benign_0031.zip,0
small_benign_0032.zip,0
small_benign_0033.zip,0
small_benign_0034.zip,0
small_benign_0035.zip,0
small_benign_0036.zip,0
small_benign_0037.zip,0
small_benign_0038.zip,0
small_benign_0039.zip,0
small_benign_0040.zip,0
small_benign_0041.zip,0
small_benign_0042.zip,0
small_benign_0043.zip,0
small_benign_0044.zip,0
small_benign_0045.zip,0
small_benign_0046.zip,0
small_benign_0047.zip,0
small_benign_0048.zip,0
small_benign_0049.zip,0
small_benign_0050.zip,0
small_benign_0051.zip,0
small_benign_0052.zip,0
small_benign_0053.zip,0
small_benign_0054.zip,0
small_benign_0055.zip,0
small_benign_0056.zip,0
small_benign_0057.zip,0
small_benign_0058.zip,0
small_benign_0059.zip,0
small_benign_0060.zip,0
small_benign_0061.zip,0
small_benign_0062.zip,0
small_benign_0063.zip,0
small_benign_0064.zip,0
small_benign_0065.zip,0
small_benign_0066.zip,0
small_benign_0067.zip,0
small_benign_0068.zip,0
small_benign_0069.zip,0
small_benign_0070.zip,0
small_benign_0071.zip,0
small_benign_0072.zip,0
small_benign_0073.zip,0
small_benign_0074.zip,0
small_benign_0075.zip,0
small_benign_0076.zip,0
small_benign_0077.zip,0
small_benign_0078.zip,0
small_benign_0079.zip,0
small_benign_0080.zip,0
small_benign_0081.zip,0
small_benign_0082.zip,0
small_benign_0083.zip,0
small_benign_0084.zip,0
small_benign_0085.zip,0
small_benign_0086.zip,0
small_benign_0087.zip,0
small_benign_0088.zip,0
small_benign_0089.zip,0
small_benign_0090.zip,0
small_benign_0091.zip,0
small_benign_0092.zip,0
small_benign_0093.zip,0
small_benign_0094.zip,0
small_benign_0095.zip,0
small_benign_0096.zip,0
small_benign_0097.zip,0
small_benign_0098.zip,0
small_benign_0099.zip,0
small_benign_0100.zip,0
small_benign_0101.zip,0
small_benign_0102.zip,0
small_benign_0103.zip,0
small_benign_0104.zip,0
small_benign_0105.zip,0
small_benign_0106.zip,0
small_benign_0107.zip,0
small_benign_0108.zip,0
small_benign_0109.zip,0
small_benign_0110.zip,0
small_benign_0111.zip,0
small_benign_0112.zip,0
small_benign_0113.zip,0
small_benign_0114.zip,0
small_benign_0115.zip,0
small_benign_0116.zip,0
small_benign_0117.zip,0
small_benign_0118.zip,0
small_benign_0119.zip,0
small_benign_0120.zip,0
small_benign_0121.zip,0
small_benign_0122.zip,0
small_benign_0123.zip,0
small_benign_0124.zip,0
small_benign_0125.zip,0
small_benign_0126.zip,0
small_benign_0127.zip,0
small_benign_0128.zip,0
small_benign_0129.zip,0
small_benign_0130.zip,0
small_benign_0131.zip,0
small_benign_0132.zip,0
small_benign_0133.zip,0
small_benign_0134.zip,0
small_benign_0135.zip,0
small_benign_0136.zip,0
small_benign_0137.zip,0
small_benign_0138.zip,0
small_benign_0139.zip,0
small_benign_0140.zip,0
small_benign_0141.zip,0
small_benign_0142.zip,0
small_benign_0143.zip,0
small_benign_0144.zip,0
small_benign_0145.zip,0
small_benign_0146.zip,0
small_benign_0147.zip,0
small_benign_0148.zip,0
small_benign_0149.zip,0
small_benign_0150.zip,0
small_benign_0151.zip,0
small_benign_0152.zip,0
small_benign_0153.zip,0
small_benign_0154.zip,0
small_benign_0155.zip,0
small_benign_0156.zip,0
small_benign_0157.zip,0
small_benign_0158.zip,0
small_benign_0159.zip,0
small_benign_0160.zip,0
small_benign_0161.zip,0
small_benign_0162.zip,0
small_benign_0163.zip,0
small_benign_0164.zip,0
small_benign_0165.zip,0
small_benign_0166.zip,0
small_benign_0167.zip,0
small_benign_0168.zip,0
small_benign_0169.zip,0
small_benign_0170.zip,0
small_benign_0171.zip,0
small_benign_0172.zip,0
small_benign_0173.zip,0
small_benign_0174.zip,0
small_benign_0175.zip,0
small_benign_0176.zip,0
small_benign_0177.zip,0
small_benign_0178.zip,0
small_benign_0179.zip,0
small_benign_0180.zip,0
small_benign_0181.zip,0
small_benign_0182.zip,0
small_benign_0183.zip,0
small_benign_0184.zip,0
small_benign_0185.zip,0
small_benign_0186.zip,0
small_benign_0187.zip,0
small_benign_0188.zip,0
small_benign_0189.zip,0
small_benign_0190.zip,0
small_benign_0191.zip,0
small_benign_0192.zip,0
small_benign_0193.zip,0
small_benign_0194.zip,0
small_benign_0195.zip,0
small_benign_0196.zip,0
small_benign_0197.zip,0
small_benign_0198.zip,0
small_benign_0199.zip,0
small_benign_0200.zip,0
small_benign_0201.zip,0
small_benign_0202.zip,0
small_benign_0203.zip,0
small_benign_0204.zip,0
small_benign_0205.zip,0
small_benign_0206.zip,0
small_benign_0207.zip,0
small_benign_0208.zip,0
small_benign_0209.zip,0
small_benign_0210.zip,0
small_benign_0211.zip,0
small_benign_0212.zip,0
small_benign_0213.zip,0
small_benign_0214.zip,0
small_benign_0215.zip,0
small_benign_0216.zip,0
small_benign_0217.zip,0
small_benign_0218.zip,0
small_benign_0219.zip,0
small_benign_0220.zip,0
small_benign_0221.zip,0
small_benign_0222.zip,0
small_benign_0223.zip,0
small_benign_0224.zip,0
small_benign_0225.zip,0
small_benign_0226.zip,0
small_benign_0227.zip,0
small_benign_0228.zip,0
small_benign_0229.zip,0
small_benign_0230.zip,0
small_benign_0231.zip,0
small_benign_0232.zip,0
small_benign_0233.zip,0
small_benign_0234.zip,0
small_benign_0235.zip,0
small_benign_0236.zip,0
small_benign_0237.zip,0
small_benign_0238.zip,0
small_benign_0239.zip,0
small_benign_0240.zip,0
small_benign_0241.zip,0
small_benign_0242.zip,0
small_benign_0243.zip,0
small_benign_0244.zip,0
small_benign_0245.zip,0
small_benign_0246.zip,0
small_benign_0247.zip,0
small_benign_0248.zip,0
small_benign_0249.zip,0
small_benign_0250.zip,0
small_benign_0251.zip,0
small_benign_0252.zip,0
small_benign_0253.zip,0
small_benign_0254.zip,0
small_benign_0255.zip,0
small_benign_0256.zip,0
small_benign_0257.zip,0
small_benign_0258.zip,0
small_benign_0259.zip,0
small_benign_0260.zip,0
small_benign_0261.zip,0
small_benign_0262.zip,0
small_benign_0263.zip,0
small_benign_0264.zip,0
small_benign_0265.zip,0
small_benign_0266.zip,0
small_benign_0267.zip,0
small_benign_0268.zip,0
small_benign_0269.zip,0
small_benign_0270.zip,0
small_benign_0271.zip,0
small_benign_0272.zip,0
small_benign_0273.zip,0
small_benign_0274.zip,0
small_benign_0275.zip,0
small_benign_0276.zip,0
small_benign_0277.zip,0
small_benign_0278.zip,0
small_benign_0279.zip,0
small_benign_0280.zip,0
small_benign_0281.zip,0
small_benign_0282.zip,0
small_benign_0283.zip,0
small_benign_0284.zip,0
small_benign_0285.zip,0
small_benign_0286.zip,0
small_benign_0287.zip,0
small_benign_0288.zip,0
small_benign_0289.zip,0
small_benign_0290.zip,0
small_benign_0291.zip,0
small_benign_0292.zip,0
small_benign_0293.zip,0
small_benign_0294.zip,0
small_benign_0295.zip,0
small_benign_0296.zip,0
small_benign_0297.zip,0
small_benign_0298.zip,0
small_benign_0299.zip,0
small_benign_0300.zip,0
small_benign_0301.zip,0
small_benign_0302.zip,0
small_benign_0303.zip,0
small_benign_0304.zip,0
small_benign_0305.zip,0
small_benign_0306.zip,0
small_benign_0307.zip,0
small_benign_0308.zip,0
small_benign_0309.zip,0
small_benign_0310.zip,0
small_benign_0311.zip,0
small_benign_0312.zip,0
small_benign_0313.zip,0
small_benign_0314.zip,0
small_benign_0315.zip,0
small_benign_0316.zip,0
small_benign_0317.zip,0
small_benign_0318.zip,0
small_benign_0319.zip,0
small_benign_0320.zip,0
small_benign_0321.zip,0
small_benign_0322.zip,0
small_benign_0323.zip,0
small_benign_0324.zip,0
small_benign_0325.zip,0
small_benign_0326.zip,0
small_benign_0327.zip,0
small_benign_0328.zip,0
small_benign_0329.zip,0
small_benign_0330.zip,0
small_benign_0331.zip,0
small_benign_0332.zip,0
small_benign_0333.zip,0
small_benign_0334.zip,0
small_benign_0335.zip,0
small_benign_0336.zip,0
small_benign_0337.zip,0
small_benign_0338.zip,0
small_benign_0339.zip,0
small_benign_0340.zip,0
small_benign_0341.zip,0
small_benign_0342.zip,0
small_benign_0343.zip,0
small_benign_0344.zip,0
small_benign_0345.zip,0
small_benign_0346.zip,0
small_benign_0347.zip,0
small_benign_0348.zip,0
small_benign_0349.zip,0
small_benign_0350.zip,0
small_benign_0351.zip,0
small_benign_0352.zip,0
small_benign_0353.zip,0
small_benign_0354.zip,0
small_benign_0355.zip,0
small_benign_0356.zip,0
small_benign_0357.zip,0
small_benign_0358.zip,0
small_benign_0359.zip,0
small_benign_0360.zip,0
small_benign_0361.zip,0
small_benign_0362.zip,0
small_benign_0363.zip,0
small_benign_0364.zip,0
small_benign_0365.zip,0
small_benign_0366.zip,0
small_benign_0367.zip,0
small_benign_0368.zip,0
small_benign_0369.zip,0
small_benign_0370.zip,0
small_benign_0371.zip,0
small_benign_0372.zip,0
small_benign_0373.zip,0
small_benign_0374.zip,0
small_benign_0375.zip,0
small_benign_0376.zip,0
small_benign_0377.zip,0
small_benign_0378.zip,0
small_benign_0379.zip,0
small_benign_0380.zip,0
small_benign_0381.zip,0
small_benign_0382.zip,0
small_benign_0383.zip,0
small_benign_0384.zip,0
small_benign_0385.zip,0
small_benign_0386.zip,0
small_benign_0387.zip,0
small_benign_0388.zip,0
small_benign_0389.zip,0
small_benign_0390.zip,0
small_benign_0391.zip,0
small_benign_0392.zip,0
small_benign_0393.zip,0
small_benign_0394.zip,0
small_benign_0395.zip,0
small_benign_0396.zip,0
small_benign_0397.zip,0
small_benign_0398.zip,0
small_benign_0399.zip,0
